HouseID,BuiltDate,AreaCode,Size,Shape,Quality,CentralAir,FirstFloorSF,SecondFloorSF,Bedroom,SaleCondition,SalePrice,Sold
1,1/1/1984,A,8450,Reg,7,Y,856,854,3,Normal,High,no
2,31/7/1985,A,9600,Reg,6,Y,1262,0,3,Normal,High,no
3,24/8/1985,A,11250,L,7,Y,920,866,3,Normal,High,no
4,30/12/1993,A,9550,L,7,Y,961,756,3,Abnormal,Low,no
5,9/12/1977,A,14260,L,8,Y,1145,1053,4,Normal,High,no
6,8/9/1990,A,14115,L,5,Y,796,566,1,Normal,Low,yes
7,23/9/1990,A,10084,Reg,8,Y,1694,0,3,Normal,High,no
8,4/10/1989,A,10382,L,7,Y,1107,983,3,Normal,High,no
9,15/11/1991,B,6120,Reg,7,Y,1022,752,2,Abnormal,Low,no
10,1/6/1968,A,11382,Reg,5,Y,1077,0,2,Normal,Low,yes
11,1/1/1979,A,11200,Reg,5,Y,1040,0,3,Normal,Low,yes
12,7/9/1984,A,12968,U,5,Y,912,0,2,Normal,Low,yes
13,1/6/1974,A,10652,L,7,Y,1494,0,3,Abnormal,High,no
14,16/8/1984,A,10920,L,6,Y,1253,0,2,Normal,High,no
15,18/2/1973,A,11241,L,6,Y,1004,0,2,Normal,Low,yes
16,5/7/1994,A,10791,Reg,4,Y,1296,0,2,Normal,Low,yes
17,1/6/1976,A,13695,Reg,5,Y,1114,0,3,Normal,High,no
18,27/2/1983,A,7560,Reg,5,Y,1339,0,3,Abnormal,Low,no
19,10/8/1988,A,14215,L,8,Y,1158,1218,4,Abnormal,High,no
20,16/4/1980,B,7449,Reg,7,Y,1108,0,3,Normal,Low,yes
21,1/11/1978,A,9742,Reg,8,Y,1795,0,3,Normal,High,no
22,29/2/1984,B,4224,Reg,5,Y,1060,0,3,Normal,Low,yes
23,14/7/1994,A,8246,L,5,Y,1060,0,3,Normal,High,no
24,31/5/1979,A,14230,Reg,8,Y,1600,0,3,Normal,High,no
25,2/1/1989,A,7200,Reg,5,Y,900,0,3,Normal,Low,yes
26,1/1/1986,A,11478,Reg,8,Y,1704,0,3,Normal,High,no
27,2/8/1968,A,16321,L,5,Y,1600,0,2,Normal,High,no
28,1/1/1976,B,6324,L,4,N,520,0,1,Normal,Low,yes
29,12/9/1972,C,8500,Reg,4,N,649,668,3,Normal,Low,yes
30,27/6/1969,A,8544,L,5,Y,1228,0,3,Normal,Low,yes
31,1/1/1974,A,11049,Reg,8,Y,1234,0,3,Normal,High,no
32,23/5/1990,A,10552,L,5,Y,1700,0,4,Normal,High,no
33,1/6/1966,A,7313,Reg,9,Y,1561,0,2,Normal,High,no
34,29/7/1996,A,13418,Reg,8,Y,1132,1320,4,Normal,High,no
35,1/6/1977,A,10859,Reg,5,Y,1097,0,3,Normal,Low,yes
36,5/10/1993,A,8532,Reg,5,Y,1297,0,3,Normal,High,no
37,22/9/1986,A,7922,Reg,5,Y,1057,0,3,Abnormal,Low,no
38,1/1/1991,A,6040,Reg,4,N,1152,0,2,Abnormal,Low,no
39,19/6/1977,A,8658,Reg,6,Y,1324,0,3,Abnormal,High,no
40,16/8/1996,A,16905,Reg,5,Y,1328,0,2,Normal,High,no
41,1/6/1969,A,9180,L,5,Y,884,0,2,Normal,Low,yes
42,7/2/1993,A,9200,L,5,Y,938,0,3,Normal,Low,yes
43,20/6/1982,A,7945,Reg,5,Y,1150,0,3,Normal,Low,yes
44,1/6/1990,A,7658,Reg,9,Y,1752,0,2,Normal,High,no
45,27/11/1976,A,12822,L,7,Y,1518,631,1,Abnormal,High,no
46,5/3/1990,D,11096,Reg,8,Y,1656,0,3,Normal,High,no
47,15/1/1993,B,4456,Reg,4,Y,736,716,2,Abnormal,Low,no
48,1/6/1986,A,7742,Reg,5,Y,955,0,3,Normal,Low,yes
49,25/3/1974,A,13869,U,6,Y,794,676,3,Normal,High,no
50,14/9/1980,B,6240,Reg,6,Y,816,0,3,Normal,Low,yes
51,1/1/1986,B,8472,U,5,N,816,0,2,Normal,Low,yes
52,25/4/1971,A,50271,L,9,Y,1842,0,0,Normal,High,no
53,1/6/1989,A,7134,Reg,5,Y,1360,0,3,Normal,Low,yes
54,4/6/1994,A,10175,L,6,Y,1425,0,3,Normal,High,no
55,6/8/1984,D,2645,Reg,8,Y,983,756,3,Abnormal,High,no
56,19/9/1984,A,11645,L,7,Y,860,860,3,Normal,High,no
57,1/1/1995,A,13682,U,10,Y,1426,1519,3,Abnormal,High,no
58,28/6/1993,A,7200,Reg,5,Y,780,0,2,Normal,Low,yes
59,1/1/1976,A,13072,Reg,6,Y,1158,0,3,Abnormal,High,no
60,1/6/1964,B,7200,Reg,5,N,581,530,3,Normal,Low,yes
61,10/6/1976,A,6442,L,8,Y,1370,0,2,Normal,High,no
62,2/9/1978,B,10300,L,7,Y,902,808,3,Normal,Low,yes
63,1/1/1984,A,9375,Reg,7,Y,1057,977,3,Normal,High,no
64,1/1/1972,A,9591,Reg,8,Y,1143,1330,4,Normal,High,no
65,1/1/1995,A,19900,Reg,7,Y,2207,0,3,Normal,High,no
66,1/1/1985,A,10665,L,7,Y,1479,0,3,Normal,High,no
67,1/1/1985,B,4608,Reg,4,Y,747,0,2,Normal,Low,yes
68,1/1/1991,A,15593,Reg,7,Y,1304,983,3,Normal,High,no
69,1/1/1967,A,13651,L,7,Y,2223,0,3,Normal,High,no
70,1/1/1985,A,7599,Reg,4,Y,845,0,2,Normal,Low,yes
71,1/1/1983,A,10141,L,7,Y,885,833,3,Normal,High,no
72,1/1/1995,A,10200,Reg,5,Y,1086,0,3,Normal,Low,yes
73,1/1/1967,B,5790,Reg,3,N,840,765,3,Normal,Low,yes
74,1/1/1980,B,1596,Reg,4,Y,526,462,2,Normal,Low,yes
75,1/1/1993,A,8475,L,4,Y,952,0,2,Normal,Low,yes
76,5/5/1988,B,8635,Reg,5,Y,1072,213,2,Normal,Low,yes
77,1/1/1973,A,10778,Reg,4,N,1768,0,4,Normal,Low,yes
78,1/1/1986,B,10440,Reg,5,Y,682,548,2,Normal,Low,yes
79,20/2/1983,A,13000,Reg,6,Y,1182,960,4,Normal,High,no
80,1/1/1986,B,4500,Reg,6,Y,1337,0,2,Normal,High,no
81,1/1/1970,A,10206,Reg,8,Y,1563,0,3,Normal,High,no
82,1/6/1970,A,8892,L,5,Y,1065,0,3,Normal,Low,yes
83,20/3/1993,A,8530,L,7,Y,804,670,3,Normal,High,no
84,1/1/1978,A,16059,Reg,8,Y,1301,1116,4,Normal,High,no
85,1/6/1969,A,11911,U,6,Y,684,876,3,Normal,High,no
86,1/1/1997,D,3951,Reg,6,Y,612,612,2,Abnormal,High,no
87,1/1/1978,C,8470,L,3,N,1013,0,2,Abnormal,Low,no
88,5/8/1998,A,8070,Reg,4,Y,990,0,3,Normal,Low,yes
89,24/2/1999,A,7200,Reg,4,Y,1040,0,2,Normal,Low,yes
90,1/1/1983,A,8500,Reg,5,Y,1235,0,2,Abnormal,Low,no
91,12/7/1994,A,13360,L,5,Y,964,0,2,Normal,High,no
92,27/11/1998,C,7200,Reg,6,N,1260,1031,4,Normal,Low,yes
93,1/1/1979,A,9337,L,6,Y,905,881,3,Normal,High,no
94,1/1/1993,A,9765,U,6,Y,680,790,3,Normal,High,no
95,6/6/1975,A,10264,L,7,Y,1588,0,3,Normal,High,no
96,11/1/1983,A,10921,Reg,4,Y,960,0,3,Normal,Low,yes
97,1/1/1978,A,10625,Reg,5,N,835,0,2,Abnormal,Low,no
98,1/1/1968,A,9320,L,4,Y,1225,0,3,Normal,Low,yes
99,9/4/1990,A,10603,L,6,Y,1610,0,3,Normal,High,no
100,24/2/1998,A,9206,Reg,6,Y,977,755,3,Normal,High,no
101,1/1/1977,A,7018,Reg,5,Y,1535,0,4,Abnormal,Low,no
102,1/1/1990,A,10402,L,7,Y,1226,0,3,Normal,High,no
103,24/5/1993,B,7758,Reg,7,Y,1226,592,4,Normal,High,no
104,3/4/1980,D,9375,Reg,8,Y,1053,939,3,Normal,High,no
105,1/1/1978,B,10800,Reg,4,Y,1047,0,2,Normal,Low,yes
106,1/1/1989,B,6000,Reg,5,Y,789,0,2,Abnormal,Low,no
107,1/1/1979,B,8500,Reg,5,N,997,520,3,Normal,Low,yes
108,1/1/1976,A,11751,L,6,Y,1844,0,3,Normal,High,no
109,1/1/1983,A,9525,Reg,6,Y,1216,639,4,Normal,Low,yes
110,1/1/1990,A,7750,L,7,Y,774,656,3,Normal,High,no
111,1/1/1978,A,9965,Reg,7,Y,1282,1414,4,Abnormal,High,no
112,1/1/1967,A,21000,Reg,6,Y,2259,0,3,Abnormal,High,no
113,19/11/1988,A,7259,L,6,Y,1436,884,3,Normal,High,no
114,1/1/1994,D,3230,Reg,6,Y,729,729,2,Normal,High,no
115,1/1/1991,A,11616,Reg,5,Y,1092,0,3,Normal,Low,yes
116,1/1/1989,A,8536,Reg,5,Y,1125,0,2,Abnormal,High,no
117,1/1/1969,A,12376,Reg,7,Y,1699,1523,5,Normal,High,no
118,1/1/1972,A,8461,Reg,6,Y,728,728,3,Abnormal,High,no
119,22/9/1980,A,21453,L,6,Y,988,0,1,Normal,High,no
120,1/1/1981,B,6060,Reg,4,Y,772,351,3,Normal,Low,yes
121,5/5/1995,A,9464,Reg,6,Y,1080,0,3,Normal,Low,yes
122,1/1/1988,A,7892,Reg,6,Y,1199,0,2,Normal,High,no
123,1/1/1987,A,17043,L,6,Y,1586,0,3,Normal,High,no
124,1/6/1984,B,6780,Reg,6,N,520,0,2,Normal,Low,yes
125,1/1/1977,A,4928,L,6,Y,958,0,2,Normal,Low,yes
126,1/1/1998,B,4388,L,5,Y,840,0,3,Normal,Low,yes
127,1/1/1972,A,7590,Reg,6,Y,660,688,3,Normal,High,no
128,1/3/1983,A,8973,Reg,5,Y,1053,0,3,Abnormal,High,no
129,1/1/1962,A,14200,Reg,7,Y,1216,941,4,Normal,High,no
130,1/1/1977,A,12224,L,6,Y,1022,1032,3,Normal,High,no
131,1/1/1983,A,7388,Reg,5,Y,1327,0,3,Normal,High,no
132,1/1/1996,A,6853,L,8,Y,1296,0,2,Normal,High,no
133,6/5/1987,A,10335,L,5,Y,1721,0,3,Normal,High,no
134,1/11/1991,A,10400,Reg,7,Y,1682,0,3,Normal,High,no
135,9/9/1980,A,10355,L,5,Y,1214,0,3,Normal,Low,yes
136,18/3/1990,A,11070,Reg,7,Y,1959,0,5,Abnormal,High,no
137,1/8/1986,A,9066,L,8,Y,1004,848,3,Normal,High,no
138,11/11/1972,A,15426,L,6,Y,928,836,3,Normal,High,no
139,29/11/1988,A,10500,Reg,4,Y,864,0,3,Normal,Low,yes
140,1/1/1969,A,11645,Reg,7,Y,1734,0,3,Normal,High,no
141,17/5/1991,A,8520,Reg,5,Y,910,475,4,Normal,High,no
142,30/1/1986,A,10335,L,7,Y,1501,0,3,Normal,High,no
143,1/8/1990,B,9100,Reg,5,Y,1728,0,6,Abnormal,Low,no
144,15/9/1984,B,2522,Reg,6,Y,970,739,3,Normal,Low,yes
145,1/1/1979,B,6120,Reg,5,Y,875,0,2,Normal,Low,yes
146,20/11/1973,A,9505,L,7,Y,884,1151,3,Normal,High,no
147,12/4/1972,A,7500,Reg,7,Y,1080,0,3,Normal,Low,yes
148,8/8/1985,B,6240,Reg,5,Y,896,448,3,Normal,Low,yes
149,7/12/1982,A,10356,Reg,5,Y,969,0,3,Normal,Low,yes
150,30/10/1984,A,13891,Reg,8,Y,1710,0,2,Abnormal,High,no
151,22/8/1978,A,14803,L,6,Y,1097,896,4,Normal,High,no
152,12/12/1996,A,13500,Reg,6,Y,1252,0,1,Normal,High,no
153,14/12/1974,B,11340,Reg,6,Y,1200,0,4,Abnormal,Low,no
154,5/9/1976,A,9600,Reg,6,N,572,524,2,Normal,Low,yes
155,4/5/1996,A,7200,Reg,5,Y,1040,0,2,Normal,Low,yes
156,1/1/1982,A,12003,Reg,8,Y,774,1194,4,Abnormal,High,no
157,23/3/1994,D,12552,Reg,7,Y,991,956,3,Normal,High,no
158,18/12/1993,A,19378,L,7,Y,1392,1070,4,Abnormal,High,no
159,1/6/1976,A,11120,L,6,Y,1232,0,3,Normal,High,no
160,29/5/1993,A,13688,L,9,Y,1572,1096,3,Normal,High,no
161,1/6/1983,A,12182,Reg,7,Y,1541,0,3,Abnormal,High,no
162,9/6/1970,A,5500,Reg,4,Y,882,0,1,Normal,Low,yes
163,26/1/1996,B,5400,Reg,6,Y,1149,467,3,Normal,High,no
164,19/6/1985,A,10106,Reg,5,Y,808,547,4,Normal,Low,yes
165,28/6/1988,A,10708,L,5,Y,1867,0,2,Normal,High,no
166,22/11/1993,A,10562,Reg,8,Y,1610,551,3,Abnormal,High,no
167,28/9/1979,A,8244,L,7,Y,840,880,3,Normal,High,no
168,1/5/1965,A,16669,L,8,Y,1707,0,2,Normal,High,no
169,18/10/1983,B,12358,L,5,Y,854,0,2,Normal,Low,yes
170,1/6/1957,A,31770,L,6,Y,1656,0,3,Normal,High,no
171,5/9/1987,A,5306,L,7,Y,1064,703,2,Normal,High,no
172,10/4/1991,A,10197,L,6,Y,1362,0,3,Normal,High,no
173,12/9/1974,A,12416,L,6,Y,1651,0,3,Normal,High,no
174,3/6/1978,A,12615,Reg,6,Y,2158,0,4,Normal,High,no
175,1/6/1978,A,10029,L,6,Y,1164,896,4,Normal,High,no
176,10/7/1976,A,13650,Reg,5,Y,1252,668,4,Normal,High,no
177,9/10/1985,A,17423,L,9,Y,2234,0,1,Abnormal,High,no
178,14/1/1993,B,8520,Reg,5,Y,968,0,2,Normal,Low,yes
179,1/9/1989,D,2117,Reg,6,Y,769,756,3,Normal,High,no
180,15/8/1985,A,7588,Reg,7,Y,901,901,4,Normal,High,no
181,12/4/1965,A,9060,Reg,5,Y,1340,0,3,Normal,Low,yes
182,26/10/1977,B,11426,Reg,7,Y,1362,720,3,Normal,High,no
183,11/2/1977,A,7438,L,5,Y,936,316,3,Normal,Low,yes
184,12/8/1984,B,22950,U,10,Y,1518,1518,4,Normal,High,no
185,21/7/1977,A,9947,L,7,Y,1217,0,3,Normal,High,no
186,10/3/1995,A,10410,Reg,5,Y,808,704,3,Normal,Low,yes
187,18/4/1968,A,7018,Reg,5,Y,1224,0,2,Abnormal,High,no
188,1/1/1974,A,4923,Reg,8,Y,1593,0,0,Normal,High,no
189,8/3/1988,A,10570,Reg,8,Y,1549,1178,3,Normal,High,no
190,3/3/1990,A,7472,L,7,Y,725,754,4,Normal,High,no
191,26/11/1987,A,9017,L,7,Y,1431,0,3,Normal,High,no
192,1/12/1963,B,2522,Reg,7,Y,970,739,3,Normal,Low,yes
193,29/3/1972,A,7180,L,5,Y,864,0,3,Normal,Low,yes
194,8/2/1960,A,2280,Reg,6,Y,855,601,3,Normal,Low,yes
195,10/3/1982,A,9416,Reg,7,Y,1726,0,3,Abnormal,High,no
196,1/1/1980,A,25419,Reg,8,Y,1360,1360,4,Abnormal,High,no
197,1/4/1981,B,5520,Reg,6,Y,929,929,5,Abnormal,Low,no
198,20/5/1967,A,9591,Reg,8,Y,1713,0,3,Normal,High,no
199,13/6/1993,B,8546,Reg,4,Y,1121,0,2,Normal,Low,yes
200,18/8/1992,A,10125,Reg,6,Y,1279,0,3,Normal,High,no
201,10/12/1992,A,7000,Reg,6,Y,865,445,2,Normal,Low,yes
202,13/2/1955,B,4438,Reg,6,Y,848,0,1,Normal,Low,yes
203,5/6/1986,B,3500,Reg,5,Y,720,564,2,Normal,Low,yes
204,21/3/1976,A,11851,Reg,7,Y,1442,0,3,Normal,High,no
205,22/12/1984,A,13673,L,5,Y,1696,0,3,Normal,Low,yes
206,1/1/1976,A,12493,L,4,Y,1100,0,3,Normal,Low,yes
207,1/1/1970,A,14364,L,7,Y,1180,882,3,Normal,High,no
208,1/1/1971,A,8250,Reg,6,Y,1092,0,3,Normal,Low,yes
209,20/4/1962,A,5604,Reg,5,N,864,0,2,Normal,Low,yes
210,21/8/1993,A,10420,Reg,6,Y,1212,0,3,Normal,High,no
211,1/1/1975,D,8640,Reg,7,Y,932,920,3,Abnormal,High,no
212,1/6/1993,A,13568,U,5,Y,990,0,3,Normal,High,no
213,1/6/1987,A,10900,L,6,Y,689,703,3,Normal,High,no
214,17/4/1993,A,10011,L,5,Y,1236,0,2,Normal,Low,yes
215,1/6/1981,A,8450,Reg,7,Y,1436,0,3,Normal,High,no
216,1/1/1962,B,9906,Reg,4,N,810,518,3,Abnormal,Low,no
217,1/1/1986,A,15660,L,7,Y,1137,817,3,Normal,High,no
218,31/10/1983,A,3010,Reg,7,Y,1248,0,2,Abnormal,High,no
219,2/1/1997,A,8990,L,7,Y,1498,0,2,Abnormal,High,no
220,23/10/1970,A,8068,L,6,Y,1010,1257,4,Normal,High,no
221,1/1/1964,A,11475,Reg,6,Y,811,741,3,Normal,High,no
222,24/8/1992,A,10500,Reg,4,Y,864,0,2,Abnormal,Low,no
223,20/11/1970,A,13472,Reg,10,Y,2392,0,3,Normal,High,no
224,8/2/1965,B,1680,Reg,5,Y,630,672,3,Abnormal,Low,no
225,16/9/1973,A,9950,L,7,Y,1214,1306,4,Abnormal,High,no
226,13/11/1994,B,1869,Reg,6,Y,483,504,2,Normal,Low,yes
227,6/2/1983,A,8521,Reg,5,Y,912,0,3,Normal,Low,yes
228,20/7/1979,A,3182,Reg,7,Y,1555,0,2,Normal,High,no
229,8/5/1976,A,8760,Reg,6,Y,1194,0,3,Normal,Low,yes
230,1/1/1988,A,15138,L,8,Y,1490,1304,4,Normal,High,no
231,21/11/1985,B,1680,Reg,6,Y,483,504,2,Normal,Low,yes
232,10/8/1994,A,10650,Reg,5,Y,894,0,3,Normal,Low,yes
233,5/1/1989,A,7851,Reg,6,Y,860,1100,4,Normal,High,no
234,1/6/1973,B,1680,Reg,6,Y,483,504,2,Normal,Low,yes
235,11/6/1980,A,8773,Reg,7,Y,1414,0,3,Normal,High,no
236,1/6/1978,A,9453,L,7,Y,1014,730,3,Normal,High,no
237,8/9/1990,A,12030,Reg,8,Y,1694,0,3,Abnormal,High,no
238,17/2/1988,A,8741,Reg,6,Y,798,689,3,Normal,Low,yes
239,6/12/1994,D,9000,Reg,8,Y,1566,0,3,Normal,High,no
240,1/1/1982,B,3880,Reg,5,Y,866,0,2,Normal,Low,yes
241,1/1/1968,B,5000,Reg,5,N,889,551,3,Normal,Low,yes
242,21/8/1994,A,10762,Reg,6,Y,626,591,3,Normal,Low,yes
243,30/8/1983,A,8880,L,7,Y,1222,888,3,Normal,High,no
244,1/1/1959,A,10400,Reg,7,Y,1872,0,3,Normal,High,no
245,28/12/1978,B,9142,Reg,6,N,908,1020,4,Normal,Low,yes
246,10/5/1983,A,11310,Reg,6,Y,1375,0,2,Normal,Low,yes
247,19/5/1983,A,11317,Reg,7,Y,840,828,3,Normal,High,no
248,22/9/1986,A,159000,U,6,Y,1444,700,4,Normal,High,no
249,1/1/1984,A,5350,L,3,Y,1306,0,3,Normal,Low,yes
250,8/8/1978,B,4750,L,8,Y,1625,0,2,Abnormal,High,no
251,11/7/1979,A,8366,L,6,Y,798,842,3,Normal,High,no
252,1/6/1984,A,9350,Reg,6,Y,1302,0,3,Normal,High,no
253,10/8/1986,A,8400,Reg,5,Y,1314,0,3,Normal,Low,yes
254,16/5/1985,A,8738,L,7,Y,1005,1286,4,Normal,High,no
255,22/12/1995,D,8791,L,6,Y,864,864,3,Normal,High,no
256,2/1/1980,A,8814,Reg,7,Y,1604,0,3,Abnormal,High,no
257,27/9/1994,A,12435,Reg,7,Y,963,829,3,Normal,High,no
258,1/6/1993,B,12702,Reg,5,Y,882,0,2,Normal,Low,yes
259,6/4/1978,A,19296,Reg,6,Y,1382,0,3,Normal,High,no
260,3/2/1986,A,9588,L,8,Y,1482,1092,3,Abnormal,High,no
261,7/1/1982,A,8471,L,6,Y,1212,0,3,Normal,High,no
262,3/5/1973,B,5500,Reg,5,Y,926,0,3,Normal,Low,yes
263,15/7/1971,B,5232,Sqr,5,N,764,0,2,Normal,Low,yes
264,1/2/1957,A,12090,L,6,Y,1422,0,3,Normal,High,no
265,1/7/1970,A,11207,L,6,Y,802,709,3,Normal,High,no
266,22/6/1980,A,8400,Reg,5,Y,1052,720,4,Normal,High,no
267,20/12/1982,B,6900,Reg,5,Y,778,0,2,Normal,Low,yes
268,4/1/1994,A,7917,L,6,Y,1113,0,3,Normal,Low,yes
269,1/1/1982,D,10728,Reg,8,Y,1095,844,3,Abnormal,High,no
270,1/6/1980,A,39104,L,7,Y,1363,0,2,Normal,High,no
271,17/8/1995,A,11764,L,8,Y,1164,1106,4,Normal,High,no
272,1/6/1955,A,9600,Reg,6,Y,1632,0,3,Normal,Low,yes
273,1/1/1977,A,8314,Reg,5,Y,816,0,2,Normal,Low,yes
274,1/6/1970,A,7264,Reg,7,N,952,596,3,Normal,High,no
275,28/7/1960,A,9196,L,7,Y,1560,0,3,Normal,High,no
276,10/9/1980,A,19138,Reg,4,Y,864,0,2,Normal,Low,yes
277,26/5/1993,A,14450,Reg,9,Y,2121,0,3,Abnormal,High,no
278,7/4/1964,A,10005,Reg,7,Y,1156,866,4,Normal,High,no
279,1/1/1995,A,11287,Reg,7,Y,1175,807,3,Normal,High,no
280,11/8/1991,D,7200,Reg,6,Y,1262,0,2,Abnormal,High,no
281,29/3/1982,A,5063,Reg,7,Y,1314,0,2,Normal,High,no
282,30/1/1989,A,9612,Reg,8,Y,1468,0,3,Abnormal,High,no
283,13/5/1996,A,8012,Reg,6,Y,1575,0,2,Normal,High,no
284,1/8/1992,D,4251,L,7,Y,625,625,2,Abnormal,High,no
285,11/8/1981,A,9786,L,6,Y,1085,649,3,Normal,High,no
286,16/12/1976,A,8125,L,4,Y,858,0,3,Normal,Low,yes
287,31/5/1984,A,9819,L,5,Y,900,0,3,Normal,Low,yes
288,1/6/1983,A,8730,Reg,6,Y,698,698,3,Normal,High,no
289,29/8/1981,A,15611,Reg,8,Y,1079,840,3,Abnormal,High,no
290,8/9/1993,A,5687,Reg,5,N,936,780,6,Normal,Low,yes
291,1/1/1966,A,11409,Reg,5,Y,1148,568,3,Normal,Low,yes
292,7/6/1994,A,16659,L,7,Y,1468,795,3,Normal,High,no
293,12/9/1983,A,9600,Reg,6,Y,1644,0,3,Normal,High,no
294,13/9/1994,A,7937,L,6,Y,1003,0,3,Normal,Low,yes
295,28/9/1976,B,13710,Reg,5,Y,910,648,4,Normal,High,no
296,10/2/1976,D,7399,L,7,Y,975,975,3,Normal,High,no
297,19/11/1987,A,11700,Reg,6,Y,1041,702,3,Normal,High,no
298,4/5/1957,A,14000,Reg,6,Y,1152,0,3,Abnormal,High,no
299,10/3/1992,A,15750,Reg,5,Y,1336,0,2,Normal,High,no
300,28/4/1986,A,16226,Sqr,8,Y,1210,1242,4,Normal,High,no
301,22/9/1979,A,13704,L,7,Y,1541,0,3,Normal,High,no
302,1/6/1973,A,9800,Reg,5,Y,894,0,3,Abnormal,Low,no
303,16/11/1977,B,18386,Reg,7,Y,1675,1818,3,Normal,High,no
304,14/8/1994,A,10386,Reg,8,Y,2000,0,3,Normal,High,no
305,6/5/1984,A,13474,Reg,7,Y,1122,1121,4,Normal,High,no
306,17/12/1988,B,7920,L,6,Y,1035,371,3,Normal,Low,yes
307,24/7/1995,A,12342,L,4,Y,861,0,1,Normal,Low,yes
308,1/1/1982,A,12378,L,9,Y,1944,0,3,Normal,High,no
309,1/3/1984,A,7685,L,6,Y,697,804,3,Normal,High,no
310,25/12/1968,A,8000,Reg,6,Y,972,0,2,Normal,Low,yes
311,24/4/1991,B,7800,Reg,5,Y,793,325,3,Normal,Low,yes
312,1/6/1958,A,215245,Sqr,7,Y,2036,0,3,Normal,High,no
313,1/1/1976,B,9600,Reg,7,Y,832,809,3,Normal,High,no
314,1/6/1972,A,7795,L,7,Y,716,716,3,Normal,High,no
315,26/3/1977,A,13005,L,7,Y,1153,1200,4,Normal,High,no
316,8/10/1976,D,9000,Reg,8,Y,1088,871,3,Normal,High,no
317,14/1/1984,A,9900,Reg,7,Y,1372,1274,4,Normal,High,no
318,1/12/1981,A,14115,Reg,7,Y,1472,0,3,Normal,High,no
319,23/1/1981,A,16259,Reg,9,Y,1249,1347,4,Abnormal,High,no
320,1/6/1995,A,12099,L,8,Y,1136,1332,4,Normal,High,no
321,8/9/1964,A,10380,L,7,Y,1553,1177,4,Normal,High,no
322,27/6/1985,B,5820,Reg,3,Y,1163,0,3,Normal,Low,yes
323,16/1/1983,A,11275,Reg,7,Y,1898,1080,5,Normal,High,no
324,22/12/1992,B,5000,Reg,5,N,803,0,2,Normal,Low,yes
325,21/3/1975,A,10846,L,8,Y,1719,0,1,Normal,High,no
326,1/6/1974,A,11600,Reg,6,Y,1383,0,3,Normal,Low,yes
327,28/8/1993,A,11888,L,6,N,1445,689,5,Normal,High,no
328,2/5/1993,B,6402,Reg,5,N,596,596,3,Normal,Low,yes
329,29/11/1975,A,10624,L,5,Y,1728,0,6,Normal,Low,yes
330,9/10/1966,A,8176,Reg,5,Y,1056,0,3,Normal,Low,yes
331,22/12/1994,A,10655,L,8,Y,1629,0,3,Normal,High,no
332,15/6/1990,B,8198,Reg,7,Y,1358,0,2,Normal,High,no
333,1/6/1981,A,9042,L,6,Y,943,695,3,Normal,High,no
334,22/6/1991,A,164660,L,5,Y,1619,167,3,Normal,High,no
335,18/6/1984,A,14157,L,9,Y,1922,0,3,Normal,High,no
336,10/10/1992,A,9135,Reg,7,Y,1536,0,3,Normal,High,no
337,14/11/1989,A,14145,Reg,7,Y,1621,0,3,Normal,High,no
338,1/1/1980,A,12400,L,6,Y,1215,0,3,Normal,High,no
339,1/6/1978,A,14191,Reg,8,Y,993,915,4,Normal,High,no
340,1/6/1972,E,8400,Reg,4,Y,841,0,2,Normal,Low,yes
341,18/2/1982,A,8544,Reg,3,N,1040,0,2,Normal,Low,yes
342,2/9/1983,A,8849,L,9,Y,1684,0,2,Normal,High,no
343,1/3/1989,B,2592,Reg,5,Y,536,576,3,Normal,Low,yes
344,1/6/1971,A,6435,Reg,6,Y,972,605,3,Normal,Low,yes
345,1/6/1988,A,12772,L,6,Y,958,0,2,Normal,High,no
346,13/3/1987,A,17600,L,6,Y,1478,0,3,Normal,High,no
347,1/3/1977,A,2448,Reg,7,Y,764,862,2,Normal,High,no
348,23/6/1991,A,20431,U,9,Y,1848,880,4,Abnormal,High,no
349,11/9/1995,A,7820,L,9,Y,1869,0,2,Abnormal,High,no
350,3/10/1974,A,5271,L,7,Y,1453,0,2,Abnormal,High,no
351,11/9/1991,A,9084,Reg,5,N,616,495,3,Normal,Low,yes
352,15/7/1995,B,8520,Reg,6,Y,720,0,2,Normal,Low,yes
353,12/6/1996,A,8400,Reg,6,Y,1192,403,2,Normal,Low,yes
354,5/1/1986,A,11249,U,6,Y,1200,0,3,Normal,High,no
355,18/11/1987,A,9248,L,6,Y,1167,0,3,Normal,High,no
356,10/10/1980,B,4224,Reg,5,Y,1142,0,3,Normal,Low,yes
357,9/7/1966,A,6930,L,5,Y,1352,0,3,Abnormal,Low,no
358,16/1/1994,A,12011,L,8,Y,1086,838,3,Normal,High,no
359,14/5/1991,A,7540,L,6,Y,912,0,2,Normal,High,no
360,16/7/1982,A,9144,Reg,5,Y,988,517,3,Normal,Low,yes
361,26/10/1989,A,7301,Reg,7,Y,495,1427,4,Normal,High,no
362,1/6/1986,B,1680,Reg,6,Y,483,504,2,Normal,Low,yes
363,19/8/1987,A,18800,L,6,Y,790,784,3,Normal,High,no
364,30/4/1994,B,10690,Reg,5,Y,672,672,3,Normal,Low,yes
365,5/10/1978,A,9500,L,6,Y,1394,0,3,Normal,High,no
366,24/7/1979,A,9150,L,6,Y,1431,0,3,Normal,High,no
367,28/11/1995,A,7800,Reg,5,Y,1268,0,2,Normal,Low,yes
368,14/7/1977,A,9830,L,5,Y,1287,0,3,Normal,High,no
369,8/11/1984,A,8121,L,6,Y,953,711,3,Normal,High,no
370,1/6/1967,A,17120,Reg,4,Y,1120,468,4,Normal,Low,yes
371,26/7/1996,A,7175,Reg,6,Y,752,0,2,Normal,Low,yes
372,27/5/1984,A,10634,Reg,5,Y,1319,0,3,Normal,Low,yes
373,12/10/1971,A,8200,Reg,7,Y,847,1081,4,Normal,High,no
374,10/4/1981,A,10020,L,1,N,904,0,1,Normal,Low,yes
375,8/11/1984,A,8846,L,5,Y,914,0,2,Normal,Low,yes
376,11/10/1997,D,11143,L,8,Y,1580,886,4,Normal,High,no
377,31/1/1987,A,11394,Reg,9,Y,1856,0,1,Abnormal,High,no
378,13/10/1981,A,8123,L,6,Y,1007,793,3,Normal,High,no
379,10/4/1956,A,5000,Reg,5,Y,1026,665,3,Normal,Low,yes
380,5/10/1962,D,7200,Reg,7,Y,1301,0,2,Abnormal,High,no
381,24/5/1992,A,9245,L,7,Y,939,858,3,Normal,High,no
382,23/2/1995,E,9000,Reg,6,N,784,0,2,Normal,Low,yes
383,25/8/1977,A,53107,U,6,Y,1079,874,3,Normal,High,no
384,1/1/1978,A,3182,Reg,8,Y,1269,0,2,Normal,High,no
385,27/12/1984,A,8410,Reg,5,Y,658,526,5,Abnormal,Low,no
386,17/8/1991,A,7200,Reg,6,Y,1125,0,3,Abnormal,Low,no
387,6/4/1971,A,9382,L,7,Y,1479,0,3,Normal,High,no
388,5/7/1989,A,12474,Reg,10,Y,1742,590,3,Abnormal,High,no
389,1/6/1965,A,8405,Reg,5,Y,961,406,4,Normal,Low,yes
390,20/12/1974,A,12209,L,6,Y,804,1157,3,Normal,High,no
391,1/6/1968,A,8339,L,5,Y,882,0,3,Normal,Low,yes
392,1/2/1982,A,7446,Reg,4,Y,788,0,2,Abnormal,Low,no
393,14/3/1971,A,10134,Reg,5,Y,735,299,2,Normal,Low,yes
394,1/1/1983,A,9571,Reg,5,Y,1144,0,3,Normal,Low,yes
395,19/5/1962,A,7200,Reg,5,Y,894,0,2,Normal,Low,yes
396,1/1/1967,A,7590,Reg,5,Y,876,936,4,Normal,High,no
397,4/8/1992,B,8967,Reg,5,Y,1077,0,2,Abnormal,Low,no
398,5/4/1988,D,8125,Reg,7,Y,1112,438,2,Normal,High,no
399,1/6/1974,A,14963,U,8,Y,1288,0,1,Normal,High,no
400,18/1/1980,A,8767,L,7,Y,1310,0,3,Abnormal,High,no
401,1/4/1982,A,10200,Reg,5,Y,672,0,2,Normal,Low,yes
402,1/6/1971,A,12090,Reg,8,Y,1165,1098,4,Abnormal,High,no
403,3/10/1986,A,10364,L,6,Y,806,766,3,Normal,High,no
404,1/6/1985,A,9991,L,4,Y,1620,0,3,Normal,High,no
405,14/2/1980,A,10480,Reg,6,Y,1166,0,3,Normal,Low,yes
406,15/6/1991,A,15576,Reg,6,Y,840,840,4,Normal,High,no
407,25/6/1973,A,14154,Reg,7,Y,1071,1101,3,Abnormal,High,no
408,1/6/1991,D,10800,Reg,8,Y,1050,1028,3,Abnormal,High,no
409,1/1/1987,A,9571,Reg,5,Y,1276,0,3,Abnormal,Low,no
410,1/1/1986,A,34650,Reg,5,N,1056,0,3,Normal,Low,yes
411,1/6/1981,D,4403,U,7,Y,1478,0,2,Abnormal,High,no
412,22/6/1979,B,8960,Reg,5,Y,1028,0,2,Normal,Low,yes
413,1/6/1973,A,11228,U,7,Y,1080,1017,3,Normal,High,no
414,9/2/1992,A,8899,L,7,Y,1340,0,3,Abnormal,High,no
415,1/9/1981,A,7844,Reg,6,Y,672,728,3,Normal,Low,yes
416,13/12/1993,A,22420,L,6,N,1370,1254,4,Normal,High,no
417,24/6/1993,A,8160,Reg,5,N,756,378,3,Abnormal,Low,no
418,4/10/1991,A,8450,Reg,5,Y,1056,0,3,Normal,Low,yes
419,10/7/1988,B,7060,Reg,7,Y,1344,0,2,Abnormal,High,no
420,1/6/1987,A,16635,L,6,Y,1602,0,3,Normal,High,no
421,28/7/1995,A,21750,Reg,5,Y,988,0,2,Normal,Low,yes
422,1/6/1997,A,9200,Reg,8,Y,1470,1160,4,Normal,High,no
423,1/1/1969,A,9000,Reg,6,Y,1196,0,2,Normal,Low,yes
424,16/5/1992,B,3378,Reg,7,Y,707,682,3,Normal,Low,yes
425,1/1/1965,A,12800,Reg,7,Y,1644,0,2,Normal,High,no
426,1/1/1985,A,8593,L,4,Y,907,0,3,Normal,Low,yes
427,1/1/1983,A,6762,Reg,7,Y,1208,0,2,Abnormal,High,no
428,2/9/1990,A,11457,L,6,Y,1412,0,3,Normal,High,no
429,31/8/1990,B,1680,Reg,6,Y,483,504,2,Abnormal,Low,no
430,1/1/1979,B,5586,L,6,Y,1088,110,4,Abnormal,Low,no
431,23/11/1995,B,1920,Reg,5,Y,765,600,2,Normal,Low,yes
432,10/11/1989,A,10839,L,6,Y,926,678,3,Normal,High,no
433,12/10/1992,B,1890,Reg,4,Y,630,0,1,Normal,Low,yes
434,30/5/1982,A,10667,U,7,Y,827,834,3,Normal,High,no
435,1/6/1996,B,4400,Reg,6,Y,734,384,2,Normal,Low,yes
436,12/5/1995,B,6000,Reg,6,Y,904,0,2,Normal,Low,yes
437,1/6/1996,A,4280,Reg,5,N,694,0,2,Normal,Low,yes
438,1/6/1974,A,12354,Reg,6,Y,684,512,3,Normal,Low,yes
439,26/1/1991,A,15431,Reg,10,Y,2402,0,2,Normal,High,no
440,13/2/1990,A,12108,Reg,4,N,1440,0,4,Normal,Low,yes
441,22/9/1996,B,6240,Reg,5,Y,1128,445,3,Normal,High,no
442,13/2/1992,A,3922,Reg,7,Y,1258,0,2,Abnormal,High,no
443,1/6/1973,A,8750,Reg,7,Y,933,975,4,Normal,High,no
444,23/12/1996,A,9855,Reg,6,Y,1689,0,3,Normal,Low,yes
445,1/1/1975,A,16492,L,6,Y,1888,0,2,Normal,High,no
446,20/2/1994,A,11214,L,7,Y,956,930,4,Normal,High,no
447,4/4/1996,B,8600,Reg,6,Y,780,596,3,Normal,Low,yes
448,30/9/1993,B,6000,Reg,3,Y,679,504,2,Normal,Low,yes
449,1/1/1973,B,5684,Reg,6,Y,813,0,2,Normal,Low,yes
450,3/7/1997,A,70761,L,7,Y,1533,0,2,Normal,High,no
451,1/1/1987,A,9303,L,6,Y,888,868,3,Normal,High,no
452,24/4/1995,D,9000,Reg,8,Y,786,804,3,Normal,High,no
453,11/1/1983,A,9297,Reg,5,Y,1728,0,4,Abnormal,High,no
454,1/6/1977,A,9600,Reg,7,Y,1242,0,3,Normal,High,no
455,2/2/1985,B,4571,Reg,5,N,624,720,4,Abnormal,Low,no
456,11/2/1974,A,53227,L,4,Y,1663,0,2,Normal,High,no
457,17/12/1996,B,5100,Reg,8,Y,833,833,3,Normal,High,no
458,1/6/1980,A,7015,L,5,Y,979,224,3,Normal,Low,yes
459,1/1/1970,D,8004,L,8,Y,832,1103,3,Abnormal,High,no
460,24/10/1971,A,7200,Reg,7,Y,575,560,3,Normal,High,no
461,24/9/1996,A,8281,L,5,Y,864,0,3,Normal,Low,yes
462,12/5/1964,A,11988,L,6,Y,849,811,3,Normal,High,no
463,1/10/1996,A,8430,Reg,5,Y,1040,0,3,Normal,Low,yes
464,1/6/1967,B,3072,Reg,7,Y,1414,0,2,Normal,High,no
465,1/1/1972,A,10628,Reg,7,Y,1277,0,2,Normal,High,no
466,25/10/1991,A,9480,Reg,5,Y,888,756,3,Normal,Low,yes
467,1/1/1982,A,11428,L,8,Y,1634,0,3,Normal,High,no
468,1/1/1981,A,9291,L,6,Y,832,878,3,Normal,High,no
469,1/6/1989,A,6820,L,8,Y,1502,0,1,Normal,High,no
470,18/6/1994,A,11952,Reg,7,Y,1161,808,3,Normal,High,no
471,25/9/1994,B,3675,Reg,6,Y,1072,0,2,Normal,Low,yes
472,1/6/1976,A,14977,L,8,Y,1976,0,2,Abnormal,High,no
473,1/6/1965,A,5330,Reg,8,Y,1652,0,2,Normal,High,no
474,12/6/1997,A,8480,Reg,5,Y,970,0,2,Normal,Low,yes
475,27/1/1982,A,13125,Reg,6,Y,1493,0,3,Normal,High,no
476,1/1/1968,A,13693,Reg,9,Y,2069,574,3,Normal,High,no
477,18/9/1994,A,10637,Reg,8,Y,1718,0,3,Normal,High,no
478,7/5/1975,B,5925,Reg,4,Y,1131,0,2,Abnormal,Low,no
479,1/6/1992,A,16033,L,9,Y,1850,0,3,Normal,High,no
480,1/1/1986,A,11846,L,9,Y,1792,0,2,Normal,High,no
481,1/6/1980,B,2500,Reg,7,Y,916,910,4,Normal,High,no
482,1/1/1989,B,4500,Reg,6,Y,1216,0,2,Normal,High,no
483,15/12/1976,A,7758,L,5,Y,999,0,3,Normal,Low,yes
484,30/6/1971,A,9600,Reg,5,Y,1113,0,3,Normal,Low,yes
485,11/6/1970,A,10289,Reg,5,Y,1073,0,3,Normal,High,no
486,4/6/1995,A,12243,L,5,Y,1484,0,3,Normal,High,no
487,27/8/1993,A,10800,Reg,5,N,1766,648,3,Normal,High,no
488,1/1/1990,B,1526,Reg,4,Y,630,0,1,Normal,Low,yes
489,1/1/1977,B,2665,Reg,5,Y,616,688,3,Normal,Low,yes
490,16/7/1994,A,9490,Reg,6,Y,958,620,3,Normal,Low,yes
491,29/12/1979,A,15578,L,6,Y,728,728,3,Abnormal,High,no
492,16/10/1975,A,7931,Reg,5,Y,1269,0,3,Normal,High,no
493,22/3/1968,B,5784,Reg,5,Y,886,0,2,Normal,Low,yes
494,28/4/1991,C,7879,Reg,4,N,720,0,2,Abnormal,Low,no
495,12/1/1986,A,12692,L,8,Y,3228,0,4,Normal,High,no
496,5/5/1993,A,9120,Reg,7,Y,1133,687,4,Normal,High,no
497,9/1/1996,A,7800,Reg,5,Y,899,0,3,Normal,Low,yes
498,6/6/1971,A,7535,L,5,Y,912,0,2,Normal,Low,yes
499,12/10/1979,B,1890,Reg,6,Y,672,546,3,Normal,Low,yes
500,4/5/1996,D,9803,Reg,7,Y,866,902,3,Normal,High,no
501,21/10/1978,A,9170,Reg,5,Y,1214,0,2,Normal,Low,yes
502,8/2/1975,A,15602,L,7,Y,1801,0,1,Normal,High,no
503,16/12/1991,A,2308,Reg,6,Y,855,467,3,Normal,Low,yes
504,1/1/1988,B,7596,Reg,5,Y,960,1000,4,Normal,Low,yes
505,16/9/1982,A,9554,L,8,Y,1065,846,3,Normal,High,no
506,31/7/1989,D,7862,L,6,Y,1218,0,2,Abnormal,High,no
507,6/6/1984,B,9600,Reg,7,Y,689,689,3,Normal,High,no
508,11/6/1992,A,9600,Reg,5,Y,1041,0,3,Normal,Low,yes
509,3/5/1974,A,14559,Reg,5,Y,1363,0,2,Normal,High,no
510,1/8/1989,A,6792,L,7,Y,1368,0,2,Abnormal,High,no
511,29/3/1991,A,9100,Reg,5,Y,864,0,3,Normal,Low,yes
512,25/4/1987,A,9187,Reg,6,Y,1080,0,3,Normal,Low,yes
513,25/6/1980,A,10594,Reg,5,N,789,0,2,Normal,Low,yes
514,1/6/1973,A,12220,Reg,10,Y,2020,0,3,Abnormal,High,no
515,1/6/1976,A,10448,L,6,Y,1378,741,3,Abnormal,High,no
516,5/1/1983,A,10208,L,7,Y,1277,1067,3,Normal,High,no
517,28/8/1985,A,9531,L,6,Y,882,914,3,Normal,High,no
518,5/4/1992,A,10918,Reg,7,Y,1276,804,3,Normal,High,no
519,26/11/1957,A,10800,Reg,4,N,694,600,3,Normal,Low,yes
520,21/4/1984,A,11988,L,6,Y,1244,0,3,Normal,High,no
521,10/12/1991,B,5000,Reg,6,Y,1004,660,3,Normal,High,no
522,1/6/1963,A,40094,L,10,Y,3138,1538,3,Abnormal,High,no
523,26/4/1991,A,11787,L,7,Y,1383,1015,3,Normal,High,no
524,1/6/1962,D,7500,Reg,7,Y,1266,0,3,Normal,High,no
525,6/1/1993,A,13300,Reg,5,Y,928,0,2,Normal,Low,yes
526,8/2/1980,A,14948,L,9,Y,1476,1237,3,Abnormal,High,no
527,1/6/1962,A,9098,L,4,Y,605,0,2,Normal,Low,yes
528,12/4/1962,A,32668,L,6,Y,2515,0,4,Abnormal,High,no
529,23/11/1970,A,10200,Reg,6,Y,1509,0,3,Abnormal,High,no
530,30/7/1994,B,6155,L,6,Y,751,611,3,Normal,Low,yes
531,30/11/1969,A,7200,Reg,5,Y,827,0,2,Normal,Low,yes
532,1/1/1963,A,5000,Reg,1,N,334,0,1,Normal,Low,yes
533,1/1/1972,A,9056,L,8,Y,707,707,3,Normal,High,no
534,1/1/1975,A,7000,Reg,5,Y,820,527,3,Normal,Low,yes
535,1/10/1962,A,8924,L,7,Y,880,844,3,Normal,High,no
536,5/2/1986,A,12735,L,4,Y,864,0,3,Normal,Low,yes
537,20/11/1994,A,11553,L,5,Y,1159,0,3,Normal,High,no
538,1/1/1983,A,11423,Reg,8,Y,1601,0,3,Normal,High,no
539,1/4/1970,A,14601,Reg,9,Y,1838,0,2,Normal,High,no
540,16/4/1993,A,11000,Reg,8,Y,997,1288,4,Normal,High,no
541,5/12/1993,A,10140,Reg,7,Y,1680,0,3,Normal,High,no
542,1/11/1989,E,4058,Reg,7,Y,767,0,1,Normal,Low,yes
543,7/3/1992,A,17104,L,7,Y,664,832,3,Abnormal,High,no
544,1/3/1984,A,13837,L,7,Y,1377,806,4,Normal,High,no
545,1/1/1981,A,8737,L,6,Y,915,720,3,Normal,High,no
546,27/6/1993,A,7244,Reg,5,Y,768,0,2,Normal,Low,yes
547,27/8/1987,B,8235,L,5,Y,825,0,2,Normal,Low,yes
548,1/6/1969,D,9375,Reg,7,Y,912,1182,4,Normal,High,no
549,11/4/1986,A,4043,Reg,6,Y,1069,0,2,Abnormal,Low,no
550,3/9/1977,B,6000,Reg,5,Y,928,0,3,Normal,Low,yes
551,4/9/1979,A,11146,L,8,Y,1717,0,3,Normal,High,no
552,15/9/1993,A,8777,Reg,4,Y,1126,0,2,Normal,Low,yes
553,17/8/1992,A,10625,Reg,7,Y,1006,1040,3,Normal,High,no
554,5/7/1985,B,6380,Reg,5,Y,1048,0,2,Normal,Low,yes
555,5/9/1970,A,14850,L,5,Y,1092,0,2,Normal,Low,yes
556,10/8/1980,C,11040,Reg,4,Y,897,439,3,Normal,Low,yes
557,1/6/1969,A,21872,U,7,Y,729,717,3,Normal,High,no
558,23/8/1965,A,3196,Reg,7,Y,1557,0,2,Normal,High,no
559,15/1/1988,A,11341,L,5,Y,1392,0,3,Normal,Low,yes
560,17/12/1993,A,10010,Reg,5,Y,1389,0,2,Normal,High,no
561,1/1/1983,A,13907,Reg,5,Y,996,0,3,Normal,Low,yes
562,18/10/1979,A,21780,Reg,6,Y,1163,511,4,Normal,High,no
563,26/8/1974,A,13346,L,7,Y,1166,1129,4,Normal,High,no
564,15/1/1983,A,6858,Reg,6,N,841,806,4,Normal,Low,yes
565,3/10/1960,A,11198,L,9,Y,1134,1370,4,Normal,High,no
566,24/7/1996,A,10171,L,7,Y,1535,0,3,Normal,High,no
567,30/12/1970,A,12327,L,8,Y,1496,636,1,Normal,High,no
568,30/9/1977,A,7032,L,5,Y,943,0,2,Normal,Low,yes
569,18/12/1971,A,13101,L,5,Y,1728,0,6,Normal,Low,yes
570,12/8/1986,A,7332,Reg,6,Y,864,0,2,Abnormal,Low,no
571,6/8/1976,A,13159,L,7,Y,846,846,3,Abnormal,High,no
572,23/12/1992,A,9967,L,7,Y,774,656,3,Normal,High,no
573,1/1/1988,A,10500,Reg,5,Y,576,533,3,Normal,Low,yes
574,11/5/1996,A,8480,Reg,5,Y,832,384,2,Abnormal,Low,no
575,1/7/1992,A,6292,Reg,7,Y,877,600,3,Normal,Low,yes
576,29/8/1980,A,11777,L,5,Y,1320,0,3,Abnormal,High,no
577,6/10/1992,D,3604,Reg,7,Y,703,689,2,Abnormal,Low,no
578,7/4/1975,B,12150,Reg,5,N,1050,745,4,Normal,Low,yes
579,16/10/1994,A,14585,L,6,Y,1429,0,3,Normal,High,no
580,1/6/1961,A,12704,Reg,8,Y,2042,0,3,Abnormal,High,no
581,26/4/1993,A,11841,Reg,6,Y,816,0,3,Normal,Low,yes
582,20/8/1996,B,13500,Reg,10,Y,1521,1254,3,Normal,High,no
583,9/9/1989,B,6120,Reg,4,Y,989,584,3,Normal,Low,yes
584,1/2/1968,A,11443,Reg,8,Y,2028,0,2,Abnormal,High,no
585,21/2/1985,A,10267,Reg,6,Y,838,0,2,Normal,Low,yes
586,7/12/1980,A,8740,L,5,Y,860,0,2,Normal,Low,yes
587,10/12/1968,A,25095,L,5,Y,1473,0,1,Abnormal,Low,no
588,25/8/1992,B,9100,Reg,5,Y,779,0,2,Normal,Low,yes
589,26/6/1981,A,8320,Reg,7,Y,770,812,3,Normal,High,no
590,12/2/1987,A,13478,L,10,Y,1728,568,3,Normal,High,no
591,7/7/1994,A,6600,Reg,5,Y,816,0,2,Normal,Low,yes
592,29/6/1989,B,4435,Reg,6,Y,848,0,1,Normal,Low,yes
593,1/1/1977,A,7990,L,5,Y,924,0,3,Normal,Low,yes
594,1/10/1971,A,11302,L,8,Y,1826,0,3,Abnormal,High,no
595,1/1/1978,B,3600,Reg,6,N,684,684,3,Normal,Low,yes
596,1/1/1992,A,3922,Reg,7,Y,1402,0,2,Abnormal,High,no
597,1/6/1967,A,12984,Reg,5,Y,1647,0,3,Normal,High,no
598,26/6/1984,B,1950,Reg,6,Y,716,840,3,Normal,High,no
599,15/7/1986,A,10927,Reg,8,Y,1058,846,3,Normal,High,no
600,1/1/1985,B,9000,Reg,6,Y,780,595,3,Normal,Low,yes
601,1/1/1974,A,10041,L,8,Y,927,988,3,Abnormal,High,no
602,1/1/1977,D,3182,Reg,7,Y,600,600,2,Normal,High,no
603,10/2/1994,A,12803,L,7,Y,1494,0,3,Normal,High,no
604,1/6/1967,A,13600,Reg,7,Y,1186,800,3,Normal,High,no
605,1/1/1977,A,12464,U,5,Y,1040,0,3,Normal,High,no
606,23/9/1996,A,7800,Reg,5,Y,1112,896,3,Normal,High,no
607,20/2/1969,A,12168,Reg,8,Y,1940,1254,4,Abnormal,High,no
608,3/7/1962,A,7943,Reg,4,Y,1029,0,3,Normal,Low,yes
609,1/3/1968,A,11050,Reg,9,Y,1476,677,3,Normal,High,no
610,7/10/1980,A,10395,L,6,Y,1032,0,3,Normal,Low,yes
611,25/12/1992,A,11885,Reg,8,Y,1299,573,3,Normal,High,no
612,15/12/1972,A,8402,Reg,5,Y,1120,0,3,Abnormal,Low,no
613,3/1/1990,B,1491,Reg,4,Y,630,0,1,Normal,Low,yes
614,7/5/1959,A,8800,Reg,6,Y,1054,0,3,Abnormal,Low,no
615,25/12/1968,A,7861,L,6,Y,807,702,3,Normal,High,no
616,2/11/1962,A,7227,Reg,6,Y,832,0,2,Normal,Low,yes
617,5/9/1980,A,11694,Reg,9,Y,1828,0,3,Abnormal,High,no
618,25/6/1987,A,12244,Reg,8,Y,1482,780,4,Normal,High,no
619,9/12/1996,A,8248,Reg,3,N,864,0,2,Normal,Low,yes
620,15/6/1995,A,10800,Reg,6,Y,1548,1066,4,Normal,High,no
621,9/12/1985,A,7064,Reg,5,Y,980,0,3,Normal,Low,yes
622,29/10/1992,D,2117,Reg,6,Y,756,756,2,Normal,High,no
623,16/12/1981,A,10400,Reg,6,Y,1012,778,4,Normal,High,no
624,1/10/1992,A,10000,L,6,Y,1116,0,3,Normal,High,no
625,1/1/1971,A,12342,L,5,Y,1422,0,3,Normal,Low,yes
626,2/4/1995,A,9600,Reg,6,Y,1520,0,3,Normal,High,no
627,1/1/1972,A,11606,L,5,Y,1040,1040,5,Abnormal,Low,no
628,3/12/1978,A,9020,Reg,6,Y,1350,0,3,Normal,High,no
629,19/4/1980,B,9000,Reg,5,Y,1089,661,3,Abnormal,Low,no
630,4/1/1993,A,4590,Reg,8,Y,1554,0,2,Normal,High,no
631,11/7/1981,A,11900,Reg,7,Y,1411,0,3,Abnormal,Low,no
632,14/5/1995,A,9250,Reg,5,Y,1056,0,3,Normal,Low,yes
633,19/6/1984,A,6979,Reg,6,Y,1056,0,0,Normal,Low,yes
634,1/6/1957,E,10896,Reg,6,Y,1440,1440,8,Abnormal,High,no
635,1/1/1976,B,6120,Reg,2,N,800,0,1,Normal,Low,yes
636,6/10/1996,B,6000,Reg,5,Y,811,576,3,Normal,Low,yes
637,1/1/1991,A,8777,Reg,5,Y,796,0,2,Normal,Low,yes
638,1/1/1982,A,3982,Reg,8,Y,1567,0,1,Abnormal,High,no
639,19/12/1977,A,12677,L,8,Y,1518,0,1,Normal,High,no
640,15/12/1983,D,7050,Reg,7,Y,1057,872,3,Normal,High,no
641,1/1/1980,A,13860,Reg,8,Y,2000,704,4,Normal,High,no
642,1/1/1976,A,10793,Reg,5,Y,780,840,4,Normal,High,no
643,17/8/1990,D,9187,Reg,9,Y,1766,0,2,Abnormal,High,no
644,20/1/1983,A,10530,L,6,Y,981,0,3,Normal,Low,yes
645,1/1/1977,A,7200,Reg,5,Y,1048,0,3,Normal,Low,yes
646,8/1/1965,A,10452,L,6,Y,1094,0,3,Normal,High,no
647,9/8/1978,A,7700,Reg,6,Y,1051,788,4,Normal,High,no
648,1/1/1968,B,1936,Reg,4,Y,630,0,1,Normal,Low,yes
649,1/1/1996,D,8125,Reg,7,Y,822,843,3,Normal,High,no
650,1/1/1976,A,9084,Reg,4,Y,755,755,4,Normal,Low,yes
651,1/1/1968,A,8750,Reg,7,Y,909,807,2,Normal,High,no
652,12/5/1969,B,10320,Reg,6,Y,756,713,3,Normal,Low,yes
653,1/1/1993,A,10437,L,8,Y,2113,0,2,Normal,High,no
654,1/1/1979,B,1680,Reg,6,Y,525,567,3,Abnormal,Low,no
655,1/1/1982,A,10007,L,5,Y,1053,0,3,Normal,Low,yes
656,1/1/1991,A,7200,Reg,7,Y,851,651,3,Normal,Low,yes
657,1/1/1978,A,17503,Reg,6,Y,912,546,3,Abnormal,Low,no
658,1/1/1976,A,9937,Reg,5,Y,1486,0,3,Normal,High,no
659,9/6/1975,A,12384,Reg,7,Y,1142,793,3,Normal,High,no
660,27/2/1992,A,46589,U,8,Y,1686,762,4,Normal,High,no
661,16/2/1985,A,13560,Reg,6,Y,1392,0,2,Normal,Low,yes
662,19/6/1982,A,10012,Reg,4,Y,1181,0,3,Normal,Low,yes
663,20/6/1994,A,20896,U,8,Y,2097,0,1,Abnormal,High,no
664,1/1/1965,A,11194,L,8,Y,1454,482,3,Normal,High,no
665,1/1/1981,A,18450,L,6,Y,1465,915,3,Abnormal,Low,no
666,1/1/1976,A,8125,Reg,6,Y,1679,0,3,Normal,High,no
667,1/1/1984,A,14175,Reg,5,Y,1437,0,3,Normal,High,no
668,1/1/1965,A,11600,Reg,4,Y,1180,0,2,Normal,Low,yes
669,24/7/1988,A,8633,Reg,6,Y,738,738,3,Normal,High,no
670,4/4/1971,E,6629,Reg,6,N,697,672,3,Normal,Low,yes
671,5/6/1995,A,11250,L,6,Y,1208,0,3,Normal,High,no
672,1/1/1964,A,14442,Reg,6,Y,1839,0,3,Normal,High,no
673,4/12/1984,A,9200,Reg,6,Y,1136,0,3,Normal,Low,yes
674,1/1/1994,A,2289,Reg,6,Y,855,586,3,Normal,Low,yes
675,1/1/1967,B,9600,Reg,4,N,1095,679,4,Normal,Low,yes
676,1/6/1964,A,9022,Reg,5,Y,792,0,2,Normal,Low,yes
677,1/1/1996,A,11844,L,8,Y,2046,0,3,Abnormal,High,no
678,14/3/1991,A,9945,L,5,Y,988,0,3,Normal,Low,yes
679,29/3/1988,A,8012,Reg,6,Y,923,0,2,Normal,Low,yes
680,1/1/1971,E,4500,U,5,Y,848,672,3,Abnormal,High,no
681,1/1/1958,A,2887,Reg,6,Y,1291,0,2,Normal,High,no
682,19/11/1990,A,11248,L,9,Y,1668,0,3,Normal,High,no
683,1/1/1979,A,16770,U,7,Y,1195,644,4,Normal,High,no
684,1/5/1969,A,5062,L,7,Y,1190,900,3,Normal,High,no
685,15/5/1995,D,10207,Reg,7,Y,874,887,3,Abnormal,High,no
686,21/10/1993,D,5105,U,7,Y,551,551,2,Normal,Low,yes
687,13/3/1992,A,8089,Reg,8,Y,1419,0,2,Abnormal,High,no
688,1/1/1973,A,7577,L,6,Y,1362,0,2,Normal,High,no
689,5/11/1975,B,4426,Reg,6,Y,848,0,1,Normal,Low,yes
690,5/1/1984,A,21535,L,10,Y,2444,1872,4,Normal,High,no
691,1/1/1970,A,26178,L,7,Y,1238,1281,4,Normal,High,no
692,24/1/1987,A,5400,Reg,5,Y,1073,0,2,Abnormal,Low,no
693,1/1/1983,B,6120,Reg,5,Y,1067,472,3,Normal,Low,yes
694,15/1/1991,A,13811,L,6,Y,1137,0,2,Normal,High,no
695,1/1/1985,B,6000,Reg,5,Y,616,0,2,Normal,Low,yes
696,24/2/1990,A,6420,L,5,Y,1148,0,2,Normal,Low,yes
697,1/1/1976,A,8450,Reg,5,Y,894,0,3,Normal,Low,yes
698,2/1/1972,D,4282,U,7,Y,1391,0,2,Normal,High,no
699,1/1/1976,A,14331,Reg,8,Y,1800,0,3,Normal,High,no
700,13/9/1994,A,9600,Reg,7,Y,1164,0,3,Normal,Low,yes
701,1/7/1970,A,12438,L,8,Y,1264,1312,4,Abnormal,High,no
702,1/1/1987,B,7630,Reg,5,Y,1032,780,4,Normal,Low,yes
703,15/12/1977,A,8400,Reg,7,Y,1484,0,3,Normal,High,no
704,11/1/1988,B,5600,Reg,4,N,372,720,3,Normal,Low,yes
705,1/3/1990,A,115149,U,7,Y,1824,0,2,Normal,High,no
706,23/2/1996,A,6240,Reg,8,Y,1324,0,2,Normal,High,no
707,12/3/1975,A,9018,L,7,Y,728,728,3,Abnormal,High,no
708,1/1/1990,A,7162,L,5,Y,904,0,3,Abnormal,Low,no
709,25/5/1985,A,4130,L,3,Y,729,0,2,Normal,Low,yes
710,1/1/1993,C,8712,Reg,4,Y,859,319,2,Abnormal,Low,no
711,1/1/1974,A,4671,L,8,Y,1228,0,2,Normal,High,no
712,20/5/1987,A,9873,Reg,4,N,960,0,3,Normal,Low,yes
713,2/2/1985,A,13517,L,6,Y,725,754,3,Normal,Low,yes
714,1/1/1970,A,10140,Reg,6,Y,1350,0,3,Normal,High,no
715,25/6/1981,B,10800,Reg,7,Y,1576,978,3,Normal,High,no
716,1/1/1956,A,10000,Reg,5,Y,1178,0,3,Normal,High,no
717,1/1/1978,A,10542,Reg,7,Y,1325,1093,3,Normal,High,no
718,1/1/1994,A,9920,L,5,Y,971,0,3,Normal,Low,yes
719,1/1/1986,A,6563,L,8,Y,1742,0,2,Normal,High,no
720,1/1/1982,B,4426,Reg,6,Y,848,0,1,Normal,Low,yes
721,8/3/1981,A,8120,Reg,4,Y,864,0,3,Normal,Low,yes
722,3/5/1990,A,8172,Reg,4,Y,997,473,4,Normal,Low,yes
723,11/12/1983,A,13286,L,9,Y,1698,0,3,Normal,High,no
724,1/1/1966,A,6960,Reg,4,Y,864,0,3,Normal,Low,yes
725,1/1/1965,A,21695,L,6,Y,1680,0,3,Normal,High,no
726,14/10/1992,A,7314,Reg,7,Y,1232,0,2,Normal,High,no
727,9/1/1975,A,11475,Reg,5,Y,1776,0,4,Abnormal,Low,no
728,1/1/1979,B,6240,Reg,4,Y,848,0,2,Normal,Low,yes
729,6/7/1965,A,5389,L,8,Y,1616,0,2,Normal,High,no
730,8/4/1973,A,9590,L,7,Y,1146,0,3,Normal,High,no
731,5/10/1976,A,11404,L,7,Y,1153,878,3,Normal,High,no
732,1/6/1977,A,10000,Reg,5,Y,1144,0,3,Normal,Low,yes
733,1/1/1972,A,8978,L,5,Y,948,0,3,Abnormal,Low,no
734,23/4/1983,B,10800,Reg,7,N,880,888,2,Normal,High,no
735,5/2/1969,A,8544,Reg,3,N,1040,0,2,Normal,Low,yes
736,1/1/1970,A,10463,L,8,Y,901,900,3,Normal,High,no
737,8/7/1990,A,10800,Reg,5,Y,1200,0,3,Abnormal,High,no
738,30/9/1987,A,9313,L,7,Y,864,864,3,Normal,High,no
739,1/1/1979,B,9600,Reg,5,Y,768,664,2,Abnormal,Low,no
740,10/10/1987,A,6768,L,6,Y,912,0,3,Normal,Low,yes
741,13/5/1989,A,8450,Reg,7,Y,1349,0,3,Normal,High,no
742,8/8/1979,A,12886,L,5,Y,1464,0,3,Normal,High,no
743,11/1/1988,A,5395,L,8,Y,1337,0,2,Normal,High,no
744,26/8/1991,A,8963,L,8,Y,1175,1540,4,Normal,High,no
745,7/7/1989,A,8795,L,7,Y,980,1276,4,Normal,High,no
746,11/7/1992,B,11700,L,7,N,1320,1320,4,Normal,High,no
747,2/5/1968,A,10593,L,7,Y,1720,0,3,Normal,High,no
748,1/1/1971,A,8405,Reg,4,N,1088,441,4,Normal,Low,yes
749,19/8/1980,B,8800,Reg,4,Y,792,348,3,Normal,Low,yes
750,1/1/1976,A,7750,Reg,7,Y,660,660,3,Normal,High,no
751,13/12/1988,A,9236,L,6,Y,1494,0,3,Normal,High,no
752,6/5/1995,A,10240,Reg,8,Y,1038,1060,3,Normal,High,no
753,2/5/1981,A,7930,Reg,6,Y,1026,0,3,Normal,High,no
754,4/1/1983,D,3230,Reg,6,Y,742,729,3,Normal,High,no
755,1/1/1983,A,10769,L,8,Y,866,902,3,Normal,High,no
756,1/6/1988,A,11616,L,6,Y,672,714,3,Abnormal,High,no
757,1/1/1976,D,2280,Reg,7,Y,757,744,3,Normal,High,no
758,1/1/1972,A,12257,L,8,Y,1328,1203,4,Normal,High,no
759,20/6/1995,A,9100,Reg,6,Y,864,0,2,Normal,Low,yes
760,2/6/1980,B,6911,Reg,5,Y,1301,0,2,Normal,Low,yes
761,1/1/1984,D,8640,Reg,7,Y,764,783,3,Normal,High,no
762,12/4/1995,A,9430,Reg,8,Y,1268,1097,3,Normal,High,no
763,15/6/1980,A,9549,L,8,Y,1494,0,2,Normal,High,no
764,5/5/1972,A,14587,L,9,Y,1506,0,2,Abnormal,High,no
765,25/8/1996,A,10421,Reg,7,Y,980,734,3,Normal,High,no
766,1/1/1987,A,12508,L,6,Y,983,767,4,Normal,High,no
767,1/1/1968,A,9100,Reg,7,Y,1836,0,3,Normal,High,no
768,1/1/1980,A,53504,U,8,Y,1690,1589,4,Normal,High,no
769,19/2/1984,A,7252,L,5,Y,858,0,2,Normal,Low,yes
770,1/1/1988,A,8877,Reg,4,Y,1220,0,2,Normal,Low,yes
771,2/5/1980,A,7819,Reg,6,Y,1117,0,3,Abnormal,Low,no
772,24/6/1966,A,10150,Reg,5,Y,912,0,2,Normal,Low,yes
773,3/5/1986,A,14226,Reg,8,Y,1973,0,3,Abnormal,High,no
774,1/1/1995,B,4500,Reg,6,Y,1204,0,2,Normal,High,no
775,2/6/1986,A,11210,L,7,Y,1614,0,3,Abnormal,High,no
776,25/7/1975,A,13350,L,5,Y,894,0,3,Normal,Low,yes
777,9/8/1981,E,8400,Reg,5,Y,2020,0,4,Normal,Low,yes
778,1/1/1965,A,10530,Reg,6,Y,1004,0,2,Normal,Low,yes
779,30/11/1988,A,7875,Reg,7,Y,1253,0,3,Normal,High,no
780,1/1/1973,A,7153,Reg,6,Y,810,793,3,Normal,High,no
781,1/1/1958,A,16285,U,7,Y,1430,0,3,Normal,High,no
782,1/1/1989,A,9101,L,5,Y,1110,0,1,Normal,High,no
783,1/1/1976,B,6300,Reg,6,Y,742,742,3,Normal,Low,yes
784,1/1/1965,A,9790,Reg,6,Y,1342,0,3,Normal,High,no
785,1/10/1983,B,10800,Reg,5,Y,966,686,4,Normal,Low,yes
786,3/9/1978,A,10142,L,7,Y,956,1128,4,Normal,High,no
787,1/1/1990,B,6000,Reg,4,Y,901,0,2,Normal,Low,yes
788,16/7/1993,A,12205,L,6,Y,976,1111,5,Normal,High,no
789,15/11/1983,A,3182,Reg,7,Y,1145,0,2,Normal,High,no
790,3/4/1990,A,11333,L,6,Y,1062,0,3,Normal,Low,yes
791,5/3/1990,A,9920,L,7,Y,1127,886,3,Normal,High,no
792,5/7/1992,A,9158,Reg,8,Y,1496,0,3,Abnormal,High,no
793,10/10/1993,A,10832,L,7,Y,1086,809,3,Normal,High,no
794,10/10/1987,A,8400,Reg,6,Y,888,676,3,Normal,High,no
795,5/5/1985,A,8197,Reg,6,Y,1285,0,3,Normal,Low,yes
796,4/6/1997,A,7677,Reg,5,Y,773,0,2,Abnormal,Low,no
797,28/10/1991,A,13518,Reg,9,Y,1966,1174,4,Abnormal,High,no
798,7/5/1995,A,7200,Reg,5,Y,981,787,3,Normal,High,no
799,24/9/1978,A,12798,L,6,Y,616,1072,4,Normal,High,no
800,10/12/1986,B,4800,Reg,4,Y,1196,0,2,Normal,Low,yes
801,8/10/1991,A,8199,Reg,7,Y,728,728,3,Normal,High,no
802,5/10/1994,A,13891,Reg,9,Y,1734,1088,4,Abnormal,High,no
803,10/7/1960,A,9000,Reg,5,Y,1128,0,2,Abnormal,Low,no
804,2/8/1996,A,12274,L,7,Y,1428,0,3,Abnormal,High,no
805,5/2/1993,A,9750,Reg,5,Y,980,0,3,Normal,Low,yes
806,9/8/1987,A,21384,Reg,5,Y,1072,504,3,Normal,High,no
807,30/8/1995,A,13400,Reg,5,Y,1086,0,3,Normal,High,no
808,7/11/1985,B,8100,Reg,5,N,1075,1063,2,Normal,Low,yes
809,11/11/1972,A,10140,Reg,6,Y,1309,0,3,Normal,High,no
810,17/5/1991,B,4438,Reg,6,Y,848,0,1,Normal,Low,yes
811,25/10/1982,C,8712,Reg,5,N,1044,0,2,Abnormal,Low,no
812,1/1/1983,A,9750,Reg,6,Y,1442,0,4,Normal,High,no
813,22/7/1995,A,8248,Reg,5,Y,686,564,3,Normal,Low,yes
814,5/9/1997,A,12137,U,7,Y,1661,0,3,Normal,High,no
815,5/2/1967,A,11425,L,5,Y,1008,0,2,Normal,Low,yes
816,1/1/1975,A,13265,L,8,Y,1689,0,3,Normal,High,no
817,15/4/1995,A,8816,Reg,6,Y,1052,0,3,Normal,High,no
818,1/4/1984,A,6371,L,7,Y,1358,0,2,Abnormal,High,no
819,10/2/1971,A,7226,L,7,Y,798,842,3,Normal,High,no
820,10/4/1992,B,6000,Reg,4,N,936,0,2,Normal,Low,yes
821,31/10/1988,A,12394,L,7,Y,847,886,3,Abnormal,High,no
822,11/12/1992,A,9900,Reg,6,Y,944,545,3,Normal,Low,yes
823,10/12/1964,D,11216,Reg,8,Y,1489,0,3,Abnormal,High,no
824,1/1/1973,A,14803,Reg,10,Y,2084,0,2,Abnormal,High,no
825,28/9/1965,B,6130,Reg,5,Y,784,0,2,Normal,Low,yes
826,2/10/1988,A,8529,L,7,Y,1434,0,3,Normal,High,no
827,4/4/1989,A,28698,U,5,Y,1160,966,3,Abnormal,High,no
828,10/3/1982,D,2544,Reg,7,Y,520,623,2,Normal,Low,yes
829,5/2/1970,A,11900,L,6,Y,1392,0,3,Normal,High,no
830,10/10/1974,D,3180,Reg,7,Y,520,600,2,Normal,High,no
831,12/5/1962,A,9548,L,7,Y,941,888,3,Normal,High,no
832,15/4/1982,A,10004,Reg,6,Y,1516,0,3,Normal,High,no
833,10/5/1990,A,7875,Reg,5,Y,1144,0,3,Normal,Low,yes
834,28/5/1987,A,9600,Reg,4,Y,1067,0,2,Normal,Low,yes
835,1/2/1974,B,8100,Reg,5,Y,1559,0,2,Normal,High,no
836,12/5/1996,B,1680,Reg,6,Y,483,504,2,Normal,Low,yes
837,25/7/1966,A,9525,Reg,5,Y,1099,0,3,Normal,Low,yes
838,26/1/1988,A,11767,Reg,5,Y,768,432,3,Normal,Low,yes
839,1/5/1990,E,12155,L,6,N,810,672,4,Normal,Low,yes
840,5/8/1988,B,10440,Reg,5,Y,958,581,3,Normal,High,no
841,4/1/1962,A,9020,Reg,6,Y,1165,0,3,Normal,High,no
842,6/4/1992,A,8000,Reg,5,N,1800,0,6,Normal,Low,yes
843,4/10/1974,B,12665,L,5,Y,876,540,4,Normal,High,no
844,18/1/1992,A,16647,L,5,Y,1701,0,3,Normal,High,no
845,16/6/1981,A,9317,Reg,7,Y,1006,769,3,Normal,High,no
846,3/3/1989,A,15523,L,5,Y,864,0,3,Normal,Low,yes
847,5/11/1988,A,45600,U,6,Y,1307,1051,5,Normal,High,no
848,10/6/1980,A,9600,Reg,6,Y,1094,761,3,Normal,High,no
849,26/2/1993,B,4435,Reg,6,Y,848,0,1,Normal,Low,yes
850,10/2/1985,A,3196,Reg,8,Y,1456,0,2,Normal,High,no
851,1/1/1984,A,7128,Reg,7,Y,918,728,4,Normal,High,no
852,1/1/1984,A,12095,L,6,Y,1445,0,3,Normal,High,no
853,15/1/1989,A,17920,Reg,5,Y,1779,0,3,Abnormal,High,no
854,1/1/1977,A,6897,L,5,Y,1040,0,3,Normal,Low,yes
855,20/4/1988,A,10970,L,6,Y,1026,0,3,Normal,Low,yes
856,9/1/1981,A,8125,Reg,6,Y,702,779,3,Normal,High,no
857,11/3/1982,A,10400,Reg,7,Y,1370,0,3,Abnormal,High,no
858,1/9/1973,A,11029,L,6,Y,1512,1142,4,Normal,High,no
859,19/12/1979,A,7642,Reg,7,Y,912,514,3,Normal,High,no
860,3/5/1986,A,11625,Reg,5,Y,1039,0,3,Normal,Low,yes
861,19/6/1981,A,9672,Reg,6,Y,1097,0,3,Normal,High,no
862,16/8/1982,A,7931,Reg,5,Y,1148,0,3,Normal,Low,yes
863,8/2/1984,D,8640,Reg,7,Y,1372,0,3,Abnormal,High,no
864,5/3/1995,A,8750,L,5,Y,1002,0,3,Normal,Low,yes
865,25/3/1987,A,10656,L,8,Y,1646,0,3,Abnormal,High,no
866,29/6/1987,A,6970,Reg,4,Y,1120,0,3,Normal,Low,yes
867,4/5/1985,A,14762,U,5,Y,1547,720,2,Normal,High,no
868,5/4/1994,A,9938,Reg,7,Y,1062,887,3,Normal,High,no
869,10/5/1983,A,6600,Reg,5,N,894,0,2,Normal,Low,yes
870,10/3/1997,A,8750,Reg,6,Y,804,878,3,Normal,High,no
871,19/11/1992,A,8892,Reg,5,Y,910,0,3,Normal,Low,yes
872,1/1/1990,A,12144,Reg,5,Y,1036,0,3,Normal,Low,yes
873,2/5/1994,B,5720,Reg,5,Y,676,455,3,Abnormal,Low,no
874,1/1/1977,D,9000,Reg,8,Y,1184,1426,4,Abnormal,High,no
875,16/7/2000,A,25286,Reg,4,Y,1040,0,3,Normal,Low,yes
876,9/11/1993,A,8834,Reg,9,Y,1462,762,4,Normal,High,no
877,21/2/1976,A,11782,L,5,Y,1155,0,3,Normal,Low,yes
878,15/8/1987,A,7000,L,5,Y,864,0,3,Normal,Low,yes
879,2/1/1972,A,7024,Reg,5,Y,1090,0,2,Normal,High,no
880,10/6/1985,A,13758,L,7,Y,1187,530,3,Normal,High,no
881,12/6/1992,A,9636,L,6,Y,808,785,3,Normal,High,no
882,20/1/1982,A,6204,Reg,4,N,954,795,5,Normal,Low,yes
883,7/5/1996,A,7150,Reg,5,Y,892,0,3,Normal,Low,yes
884,1/1/1989,D,5119,L,9,Y,1709,0,2,Abnormal,High,no
885,2/4/1994,A,8393,Reg,5,Y,1712,0,4,Abnormal,Low,no
886,20/5/1973,A,16466,L,5,Y,872,521,3,Normal,Low,yes
887,7/6/1993,A,15865,L,8,Y,2217,0,4,Normal,High,no
888,1/1/1993,A,12160,Reg,6,Y,1505,0,2,Normal,Low,yes
889,3/4/1994,A,8064,Reg,5,Y,672,252,3,Normal,Low,yes
890,4/6/1964,A,11184,Reg,6,Y,918,765,3,Normal,High,no
891,4/6/1972,A,8414,Reg,6,Y,1068,0,3,Normal,High,no
892,5/7/1991,A,13284,Reg,5,Y,1383,0,3,Normal,High,no
893,4/6/1975,A,7018,Reg,5,Y,1535,0,4,Abnormal,Low,no
894,23/5/1990,A,7056,Reg,6,Y,983,813,4,Normal,Low,yes
895,1/4/1988,B,8765,Reg,4,N,951,0,2,Abnormal,Low,no
896,25/4/1987,A,7018,Reg,5,Y,1120,1120,6,Abnormal,Low,no
897,2/4/1978,A,12919,L,9,Y,2364,0,2,Abnormal,High,no
898,3/4/1991,A,6993,Reg,5,Y,1236,0,3,Normal,Low,yes
899,5/7/1995,A,7340,L,4,Y,858,0,2,Normal,Low,yes
900,12/6/1986,A,8712,L,5,Y,1306,0,2,Normal,High,no
901,4/6/1982,A,7875,Reg,7,Y,807,702,3,Normal,High,no
902,5/7/1980,A,14859,L,7,Y,1670,0,3,Abnormal,High,no
903,3/4/1995,A,6173,L,5,Y,902,0,3,Normal,Low,yes
904,4/6/1965,A,9920,Reg,5,Y,1063,0,3,Normal,Low,yes
905,4/6/1968,A,13501,L,8,Y,1636,0,3,Normal,High,no
906,3/4/1994,A,11500,L,7,Y,1020,1037,3,Normal,High,no
907,4/6/1986,A,8885,L,5,Y,902,0,2,Normal,Low,yes
908,4/8/1960,A,12589,U,6,Y,742,742,3,Normal,High,no
909,19/4/1980,A,11600,Reg,5,Y,1105,1169,5,Normal,High,no
910,3/4/1992,A,9286,L,5,Y,1268,0,3,Normal,Low,yes
911,15/2/1968,B,6120,Reg,5,N,1015,0,3,Abnormal,Low,no
912,13/6/1992,E,6270,Reg,5,N,1001,1001,4,Normal,Low,yes
913,4/6/1971,D,3000,Reg,6,Y,612,612,2,Abnormal,High,no
914,2/7/1975,B,2001,Reg,4,Y,546,546,3,Normal,Low,yes
915,21/8/1991,C,9000,Reg,2,N,480,0,1,Abnormal,Low,no
916,1/1/1984,A,17140,Reg,4,Y,1229,0,3,Normal,Low,yes
917,25/5/1978,A,13125,L,7,Y,912,1215,4,Normal,High,no
918,4/6/1982,A,11029,L,6,Y,1414,0,3,Normal,High,no
919,15/4/1992,A,8462,L,6,Y,936,785,3,Normal,High,no
920,4/6/1979,A,8777,Reg,5,Y,1272,928,4,Normal,Low,yes
921,4/6/1986,A,10237,Reg,6,Y,1316,0,3,Abnormal,High,no
922,4/5/1984,A,8012,Reg,6,Y,1617,0,2,Normal,High,no
923,1/1/1982,A,10240,Reg,6,Y,1686,0,3,Normal,High,no
924,3/4/1990,A,15611,L,5,Y,1126,0,3,Abnormal,High,no
925,5/5/1974,A,11999,Reg,8,Y,1234,1140,4,Normal,High,no
926,9/4/1992,A,9900,Reg,7,Y,1098,880,4,Normal,High,no
927,2/3/1995,A,11838,Reg,8,Y,1788,0,3,Normal,High,no
928,15/7/1973,A,13006,L,7,Y,993,1243,4,Normal,High,no
929,25/5/1987,A,8925,L,8,Y,1466,0,3,Normal,High,no
930,4/5/1985,A,9100,Reg,5,Y,925,0,2,Normal,Low,yes
931,4/8/1974,A,11670,L,9,Y,1905,0,3,Normal,High,no
932,2/6/1972,A,8487,Reg,7,Y,1500,0,3,Normal,High,no
933,4/2/1973,A,27650,U,7,Y,2069,0,4,Normal,High,no
934,1/4/1986,A,5825,L,4,Y,747,0,1,Normal,Low,yes
935,23/5/1981,A,10083,Reg,7,Y,1200,0,2,Normal,High,no
936,1/1/1986,A,9675,Reg,7,Y,1113,858,3,Normal,High,no
937,1/1/1964,A,8760,Reg,7,Y,1391,571,3,Abnormal,High,no
938,18/8/1995,A,24090,Reg,7,Y,1207,1196,4,Normal,High,no
939,1/1/1960,A,12640,L,6,Y,1728,0,4,Normal,High,no
940,2/3/1978,A,8755,L,7,Y,1022,1038,3,Normal,High,no
941,1/6/1996,A,7711,L,4,Y,1440,0,4,Abnormal,High,no
942,4/6/1967,A,25000,Reg,5,Y,1632,0,4,Normal,Low,yes
943,4/6/1982,A,14375,L,6,Y,1344,0,3,Abnormal,Low,no
944,2/7/1978,B,8820,Reg,5,Y,1188,561,2,Normal,Low,yes
945,1/1/1980,A,8163,Reg,5,Y,1144,0,3,Normal,Low,yes
946,3/4/1995,A,14536,Reg,8,Y,1629,0,3,Normal,High,no
947,25/11/1958,A,14006,L,7,Y,936,840,3,Normal,High,no
948,14/7/1997,A,9360,Reg,6,Y,1381,0,3,Normal,High,no
949,2/1/1993,A,7200,Reg,5,Y,864,0,3,Normal,Low,yes
950,2/9/1978,E,7800,Reg,5,Y,965,0,3,Abnormal,Low,no
951,4/7/1980,A,7200,Reg,5,Y,768,0,2,Normal,Low,yes
952,1/1/1980,A,11075,L,5,Y,1168,800,4,Normal,High,no
953,2/6/1966,A,9400,L,6,Y,980,0,4,Abnormal,Low,no
954,8/5/1979,E,7136,L,6,N,979,979,4,Normal,Low,yes
955,5/9/1982,B,1300,Reg,6,Y,561,668,2,Normal,Low,yes
956,5/6/1986,A,7420,Reg,5,Y,1057,0,3,Normal,Low,yes
957,1/1/1975,A,8450,Reg,7,Y,1337,0,3,Normal,High,no
958,4/5/1978,D,2572,Reg,7,Y,696,720,3,Normal,High,no
959,4/6/1994,A,7207,L,5,Y,858,0,2,Normal,Low,yes
960,4/8/1968,A,12227,L,6,Y,1542,1330,4,Normal,High,no
961,4/6/1965,A,2308,Reg,6,Y,804,744,3,Normal,High,no
962,7/1/1991,A,11923,L,9,Y,1800,0,2,Normal,High,no
963,1/6/1973,A,11316,Reg,7,Y,824,1070,4,Normal,High,no
964,10/5/1970,A,10237,Reg,6,Y,783,701,3,Abnormal,High,no
965,11/8/1984,A,9600,L,5,Y,976,332,2,Normal,High,no
966,15/4/1996,A,7390,L,5,Y,1098,0,3,Normal,Low,yes
967,9/7/1988,B,5925,Reg,3,N,600,368,2,Abnormal,Low,no
968,5/7/1994,A,10382,Reg,6,Y,1095,0,2,Normal,Low,yes
969,4/6/1982,A,10800,Reg,4,N,720,472,4,Abnormal,Low,no
970,4/5/1972,A,2268,Reg,7,Y,764,862,2,Normal,High,no
971,1/2/1985,A,7892,Reg,6,Y,918,0,2,Normal,Low,yes
972,1/1/1986,D,11639,Reg,7,Y,1428,0,3,Abnormal,High,no
973,1/7/1968,A,11414,L,7,N,1136,883,3,Normal,High,no
974,4/6/1978,D,2651,Reg,7,Y,673,709,3,Normal,High,no
975,1/1/1966,A,5900,L,4,Y,869,0,2,Normal,Low,yes
976,15/8/1988,D,4274,L,7,Y,1241,0,1,Abnormal,High,no
977,3/9/1974,A,9450,Reg,4,Y,894,0,3,Abnormal,Low,no
978,14/5/1990,A,8816,Reg,5,Y,1121,0,3,Normal,Low,yes
979,4/8/1979,A,12122,L,7,Y,999,0,3,Normal,High,no
980,3/8/1974,A,12203,L,8,Y,1276,1336,4,Normal,High,no
981,4/8/1964,A,3182,Reg,7,Y,1266,0,2,Normal,High,no
982,1/1/1958,A,11250,Reg,8,Y,1149,1141,4,Normal,High,no
983,5/4/1985,A,10125,Reg,5,Y,1302,432,4,Normal,Low,yes
984,1/1/1963,A,10880,Reg,5,N,1164,0,3,Normal,Low,yes
985,3/4/1981,B,5310,Reg,6,Y,1001,634,2,Normal,Low,yes
986,1/1/1990,A,10159,L,9,Y,1940,0,3,Abnormal,High,no
987,1/4/1997,A,12046,L,6,Y,1118,912,4,Normal,High,no
988,4/8/1981,D,8125,Reg,7,Y,778,798,3,Abnormal,High,no
989,1/1/1970,A,9452,Reg,8,Y,1407,985,3,Normal,High,no
990,7/4/1968,B,17671,Reg,8,Y,916,826,4,Normal,High,no
991,1/8/1982,A,9760,Reg,6,Y,1020,831,3,Normal,High,no
992,4/5/1982,A,8846,Reg,6,Y,750,750,3,Abnormal,High,no
993,3/3/1972,A,12456,Reg,10,Y,1718,0,3,Normal,High,no
994,3/4/1997,A,4712,L,4,Y,774,456,3,Abnormal,Low,no
995,2/7/1966,A,10659,L,5,Y,1050,0,3,Normal,Low,yes
996,3/6/1992,A,11717,L,6,Y,1442,0,2,Normal,High,no
997,28/5/1989,B,9786,Reg,3,N,1077,0,3,Normal,Low,yes
998,3/6/1980,A,6762,Reg,7,Y,1208,0,2,Normal,High,no
999,4/8/1959,A,10206,Reg,3,N,944,0,2,Normal,Low,yes
1000,12/3/1982,A,5400,Reg,5,Y,691,0,2,Abnormal,Low,no
1001,4/8/1981,A,11957,L,8,Y,1574,0,3,Normal,High,no
1002,2/4/1994,A,11500,L,5,Y,1680,0,4,Normal,Low,yes
1003,4/6/1996,A,3182,Reg,7,Y,1504,0,1,Normal,High,no
1004,4/6/1982,A,8385,Reg,5,Y,985,0,3,Normal,Low,yes
1005,4/6/1987,A,12155,Sqr,6,Y,1657,0,3,Normal,High,no
1006,25/2/1991,B,2217,Reg,4,Y,546,546,3,Normal,Low,yes
1007,4/6/1979,A,12118,L,7,Y,1710,0,3,Normal,High,no
1008,1/5/1990,A,6000,Reg,5,Y,1008,0,4,Normal,Low,yes
1009,13/10/1995,A,21286,Reg,5,Y,720,551,4,Normal,Low,yes
1010,4/8/1975,A,9825,Reg,5,N,1664,0,4,Normal,Low,yes
1011,1/1/1983,A,10592,Reg,6,Y,900,602,3,Normal,High,no
1012,4/6/1976,B,7200,Reg,5,N,1022,0,2,Normal,Low,yes
1013,15/9/1986,A,11664,Reg,6,Y,1082,0,2,Normal,Low,yes
1014,14/6/1985,A,8400,Reg,8,Y,810,855,3,Normal,High,no
1015,4/5/1986,A,11883,Reg,7,Y,1504,0,3,Normal,High,no
1016,2/7/1991,A,5814,L,8,Y,1360,0,1,Abnormal,High,no
1017,18/5/1990,A,10784,L,7,Y,802,670,3,Normal,High,no
1018,4/8/1975,A,3013,Reg,7,Y,1506,0,2,Normal,High,no
1019,4/3/1982,A,7024,Reg,4,Y,1132,0,2,Normal,High,no
1020,5/3/1986,A,7406,Reg,7,Y,1220,0,2,Abnormal,High,no
1021,4/6/1984,B,9439,Reg,5,Y,912,336,2,Normal,Low,yes
1022,4/8/1985,A,3182,Reg,7,Y,1504,0,2,Normal,High,no
1023,2/8/1995,A,15498,L,8,Y,2898,0,2,Abnormal,High,no
1024,25/9/1978,A,7700,Reg,5,Y,882,0,3,Normal,Low,yes
1025,10/5/1989,A,9300,Reg,5,Y,1264,0,3,Normal,High,no
1026,4/8/1974,A,9520,L,8,Y,1646,0,3,Abnormal,High,no
1027,17/7/1992,A,9492,Reg,5,Y,968,408,3,Normal,Low,yes
1028,30/5/1988,B,1680,Reg,6,Y,672,546,3,Normal,Low,yes
1029,5/3/1980,E,7082,Reg,5,Y,948,980,5,Normal,High,no
1030,4/6/1986,A,15863,Reg,7,Y,1687,998,5,Normal,High,no
1031,3/4/1975,A,14541,L,8,Y,1352,1168,5,Abnormal,High,no
1032,6/4/1985,A,8125,Reg,7,Y,1654,0,3,Normal,High,no
1033,4/8/1964,A,6305,Reg,5,Y,954,0,2,Normal,Low,yes
1034,17/5/1965,A,11500,L,4,N,845,0,3,Normal,Low,yes
1035,11/6/1986,A,12898,L,9,Y,1620,0,2,Normal,High,no
1036,3/4/1990,A,9240,Reg,8,Y,1055,1208,3,Normal,High,no
1037,25/6/1993,B,1533,Reg,4,Y,798,546,3,Normal,Low,yes
1038,1/1/1996,B,1477,Reg,4,Y,630,0,1,Normal,Low,yes
1039,1/1/1970,A,13125,Reg,5,Y,1803,0,3,Normal,High,no
1040,4/6/1991,A,9130,Reg,6,Y,800,832,4,Normal,High,no
1041,14/5/1986,A,5381,L,6,Y,1306,0,1,Normal,High,no
1042,15/1/1983,A,11839,Reg,7,Y,1532,797,4,Normal,High,no
1043,26/5/1989,A,9600,Reg,8,Y,2524,0,4,Normal,High,no
1044,4/6/1981,A,13680,L,3,Y,1733,0,4,Normal,Low,yes
1045,3/4/1997,A,16056,L,9,Y,1992,876,4,Abnormal,High,no
1046,1/4/1992,A,9245,U,5,Y,990,0,3,Normal,Low,yes
1047,15/4/1978,A,21750,Reg,5,Y,1771,0,3,Normal,Low,yes
1048,4/5/1992,A,11100,Reg,4,Y,930,0,2,Abnormal,Low,no
1049,6/5/1995,A,8993,L,7,Y,1302,0,3,Abnormal,High,no
1050,18/11/1982,A,11175,L,7,Y,1316,0,3,Abnormal,High,no
1051,23/10/1977,A,9500,Reg,6,Y,1127,850,4,Normal,High,no
1052,15/7/1978,A,8562,Reg,5,Y,1526,0,4,Normal,Low,yes
1053,1/9/1986,A,11367,Reg,8,Y,1091,898,3,Normal,High,no
1054,1/1/1994,A,11361,Reg,6,Y,1523,0,3,Abnormal,High,no
1055,17/4/1958,A,7052,L,7,Y,1364,0,2,Normal,High,no
1056,5/5/1976,A,29959,U,7,Y,979,871,3,Normal,High,no
1057,22/6/1974,A,11308,L,9,Y,1130,1054,3,Normal,High,no
1058,1/1/1983,A,11275,L,6,Y,1096,895,3,Normal,High,no
1059,2/6/1986,A,4920,Reg,8,Y,1338,0,2,Normal,High,no
1060,4/6/1984,C,18000,Reg,3,Y,894,0,2,Normal,Low,yes
1061,4/6/1970,B,13600,Reg,5,N,1422,915,5,Normal,Low,yes
1062,1/5/1980,B,6000,Reg,6,Y,1103,0,2,Normal,Low,yes
1063,2/7/1970,A,11000,L,5,Y,1154,0,3,Normal,High,no
1064,5/7/1979,A,14000,Reg,7,Y,1306,954,3,Normal,High,no
1065,4/6/1985,A,7837,L,6,Y,799,772,3,Normal,High,no
1066,9/1/1963,A,9760,Reg,6,Y,798,813,4,Normal,High,no
1067,6/7/1979,B,3964,Reg,6,Y,1291,1230,5,Normal,High,no
1068,27/5/1970,A,9600,Reg,5,Y,893,0,2,Normal,Low,yes
1069,10/9/1990,A,10152,Reg,5,Y,1048,0,3,Normal,Low,yes
1070,1/7/1971,A,11700,Reg,6,Y,829,727,4,Normal,High,no
1071,8/11/1996,A,7585,Reg,5,Y,1002,454,4,Normal,Low,yes
1072,21/6/1992,A,7950,L,6,Y,698,728,3,Normal,High,no
1073,30/6/1988,A,8556,Reg,7,Y,1240,0,2,Normal,High,no
1074,15/1/1973,A,13125,Reg,7,Y,960,780,3,Normal,High,no
1075,10/2/1991,A,10800,Reg,5,Y,1096,370,3,Normal,High,no
1076,8/7/1978,A,15870,L,5,Y,1096,0,3,Abnormal,Low,no
1077,17/6/1983,B,4435,Reg,6,Y,848,0,1,Normal,High,no
1078,6/6/1966,A,8775,Reg,5,Y,990,0,3,Normal,Low,yes
1079,20/6/1995,A,11040,Reg,6,Y,1258,0,3,Abnormal,Low,no
1080,15/7/1992,A,7500,Reg,5,Y,1040,0,3,Normal,Low,yes
1081,4/7/1974,A,8749,Reg,7,Y,1459,0,3,Normal,High,no
1082,9/7/1979,A,8800,Reg,6,Y,1251,0,3,Normal,High,no
1083,1/7/1995,A,13031,U,6,Y,691,807,3,Normal,High,no
1084,10/8/1980,A,9069,Reg,6,Y,996,0,2,Normal,Low,yes
1085,1/1/1987,B,1974,Reg,4,Y,546,546,3,Normal,Low,yes
1086,3/2/1960,D,10574,Reg,8,Y,1082,871,3,Normal,High,no
1087,14/4/1992,B,2522,Reg,7,Y,970,739,3,Normal,Low,yes
1088,8/6/1956,D,3316,L,8,Y,1247,0,1,Normal,High,no
1089,3/8/1983,A,8544,Reg,3,N,1040,0,2,Normal,Low,yes
1090,7/8/1987,D,2160,Reg,7,Y,624,628,2,Normal,High,no
1091,6/9/1969,A,8400,Reg,6,Y,1390,304,4,Normal,Low,yes
1092,7/8/1963,A,9230,Reg,5,Y,1200,0,1,Normal,Low,yes
1093,27/3/1990,A,5868,Reg,5,Y,936,0,2,Normal,Low,yes
1094,6/6/1975,A,9317,L,6,Y,1314,0,3,Normal,High,no
1095,1/8/1981,B,6882,Reg,6,Y,773,582,3,Normal,Low,yes
1096,19/2/1971,A,3696,Reg,8,Y,1088,0,2,Normal,High,no
1097,5/8/1989,B,6000,Reg,4,Y,757,567,3,Normal,Low,yes
1098,12/12/1989,A,11880,L,7,Y,1601,0,3,Abnormal,High,no
1099,27/4/1996,A,8400,Reg,2,N,438,0,1,Normal,Low,yes
1100,1/7/1996,A,9758,L,5,Y,950,0,3,Normal,Low,yes
1101,26/5/1979,A,7000,Reg,5,Y,1134,0,2,Abnormal,Low,no
1102,23/6/1982,A,8910,Reg,6,Y,1194,0,3,Normal,High,no
1103,5/6/1965,B,2016,Reg,5,Y,630,672,3,Normal,Low,yes
1104,12/7/1974,A,12256,L,8,Y,1500,1122,3,Normal,High,no
1105,17/6/1997,A,10357,L,7,Y,1442,0,3,Normal,High,no
1106,20/8/1992,A,23257,Sqr,7,Y,887,1134,3,Abnormal,High,no
1107,3/8/1983,A,8063,Reg,6,Y,948,742,3,Abnormal,High,no
1108,28/2/1972,A,11362,L,8,Y,1836,0,3,Normal,High,no
1109,5/6/1965,A,8000,Reg,6,Y,773,885,3,Normal,High,no
1110,23/2/1991,A,10480,Reg,7,Y,1098,866,4,Normal,High,no
1111,6/8/1986,A,7100,L,5,Y,816,0,2,Normal,Low,yes
1112,5/7/1992,A,8923,Reg,5,Y,1008,0,2,Normal,Low,yes
1113,10/3/1975,A,5400,Reg,5,Y,833,0,2,Normal,Low,yes
1114,3/7/1988,A,12085,Reg,8,Y,1734,0,3,Abnormal,High,no
1115,12/2/1984,A,7750,Reg,8,Y,779,640,3,Normal,High,no
1116,21/3/1970,A,9764,L,5,Y,894,0,3,Normal,Low,yes
1117,4/7/1974,A,13825,Reg,5,Y,1021,580,3,Normal,Low,yes
1118,13/6/1992,A,7560,Reg,5,Y,1040,0,3,Normal,Low,yes
1119,21/4/1987,B,8263,Reg,6,Y,1012,0,2,Normal,Low,yes
1120,11/7/1987,A,10084,Reg,7,Y,1552,0,3,Abnormal,High,no
1121,2/2/1988,A,8926,L,4,Y,960,0,3,Abnormal,Low,no
1122,14/3/1994,A,9405,Reg,5,Y,698,0,2,Normal,Low,yes
1123,19/4/1965,A,9125,L,7,Y,812,670,3,Normal,High,no
1124,1/9/1992,A,10434,Reg,4,Y,1005,0,2,Normal,Low,yes
1125,2/8/1982,A,3684,Reg,7,Y,1555,0,2,Normal,High,no
1126,6/8/1986,A,14572,Sqr,7,Y,1530,0,3,Abnormal,High,no
1127,17/4/1988,A,11796,L,7,Y,847,1112,4,Normal,High,no
1128,20/7/1958,B,7200,Reg,5,Y,936,0,2,Normal,Low,yes
1129,16/8/1979,A,7804,Reg,4,Y,1328,653,4,Normal,Low,yes
1130,25/6/1987,A,10712,Reg,5,Y,974,0,3,Abnormal,Low,no
1131,6/6/1993,B,9900,Reg,6,Y,1178,1032,5,Normal,Low,yes
1132,5/5/1971,A,9828,L,8,Y,1142,878,3,Normal,High,no
1133,25/4/1995,A,8773,L,6,Y,916,684,3,Normal,High,no
1134,15/6/1992,B,6180,Reg,6,N,986,0,2,Normal,Low,yes
1135,4/5/1982,A,9600,Reg,6,Y,1032,220,3,Abnormal,Low,no
1136,10/1/1997,A,6342,Reg,5,N,780,240,2,Normal,Low,yes
1137,5/2/1984,A,9819,L,6,Y,1567,0,2,Normal,High,no
1138,7/11/1991,A,8731,L,5,Y,1167,0,3,Normal,Low,yes
1139,12/7/1977,A,7350,Reg,5,Y,952,0,2,Abnormal,Low,no
1140,6/1/1986,A,10304,L,5,Y,1088,780,4,Normal,High,no
1141,6/4/1990,A,9965,Reg,8,Y,1466,1362,4,Abnormal,High,no
1142,17/5/1984,A,9000,Reg,5,Y,1006,0,3,Normal,Low,yes
1143,21/4/1985,A,12180,Reg,4,N,672,252,2,Normal,Low,yes
1144,1/6/1975,B,6240,Reg,5,Y,1042,534,3,Abnormal,Low,no
1145,18/2/1997,A,11200,Reg,6,Y,1298,0,3,Normal,High,no
1146,13/4/1983,A,12000,Reg,7,Y,860,704,3,Normal,High,no
1147,6/9/1976,B,5700,Reg,7,Y,572,539,2,Normal,Low,yes
1148,19/9/1971,B,9000,Reg,7,Y,832,650,3,Normal,Low,yes
1149,1/5/1970,A,8280,L,6,Y,932,0,2,Normal,Low,yes
1150,17/5/1970,A,17755,Reg,5,Y,1466,0,3,Normal,Low,yes
1151,6/4/1996,A,14115,L,6,Y,1811,0,2,Abnormal,High,no
1152,10/11/1988,B,5890,Reg,6,Y,816,0,2,Normal,Low,yes
1153,24/5/1991,A,13700,L,7,Y,902,918,4,Normal,High,no
1154,6/5/1991,A,10768,L,5,Y,1437,0,3,Normal,High,no
1155,13/4/1987,A,9350,Reg,5,Y,1265,0,3,Normal,High,no
1156,1/7/1983,A,5001,L,7,Y,1314,0,2,Normal,High,no
1157,20/2/1972,A,11932,Reg,8,Y,1580,0,3,Abnormal,High,no
1158,3/2/1990,A,9120,Reg,6,Y,943,933,4,Normal,High,no
1159,30/6/1967,A,2280,Reg,6,Y,855,601,3,Normal,Low,yes
1160,17/6/1992,A,14778,L,6,Y,1640,0,3,Normal,High,no
1161,19/7/1968,A,8724,Reg,5,Y,894,0,3,Normal,Low,yes
1162,20/5/1989,A,12900,Reg,4,Y,1258,0,0,Abnormal,Low,no
1163,5/8/1977,A,16157,L,5,Y,1432,0,2,Normal,High,no
1164,1/1/1980,A,9541,L,7,Y,1502,0,3,Abnormal,High,no
1165,6/8/1994,A,10475,L,8,Y,1694,0,3,Normal,High,no
1166,12/5/1981,A,10852,L,6,Y,959,712,3,Normal,High,no
1167,21/7/1982,A,13728,Reg,6,Y,1236,872,4,Normal,High,no
1168,22/6/1972,A,35760,L,10,Y,1831,1796,4,Normal,High,no
1169,2/2/1966,A,9880,Reg,6,Y,1118,0,3,Normal,High,no
1170,3/2/1987,A,9120,Reg,6,Y,1261,0,3,Normal,High,no
1171,17/5/1974,D,4017,L,7,Y,625,625,2,Normal,High,no
1172,12/3/1994,A,18030,L,5,Y,1636,971,3,Normal,High,no
1173,5/5/1973,A,16560,L,6,Y,1170,1175,4,Normal,High,no
1174,20/7/1980,A,10678,Reg,8,Y,2129,743,4,Normal,High,no
1175,12/10/1990,A,6951,L,5,Y,923,0,3,Normal,Low,yes
1176,10/8/1970,B,3950,Reg,6,Y,818,406,3,Normal,Low,yes
1177,10/5/1979,A,7681,L,5,Y,820,523,3,Normal,High,no
1178,12/2/1995,A,8335,Reg,5,Y,1124,0,3,Normal,Low,yes
1179,25/12/1955,A,11170,U,7,Y,1298,1216,4,Normal,High,no
1180,25/5/1983,B,5587,L,8,Y,1652,0,2,Abnormal,High,no
1181,5/7/1973,A,15623,L,10,Y,2411,2065,4,Abnormal,High,no
1182,6/8/1990,A,10800,Reg,5,Y,1130,0,2,Normal,Low,yes
1183,14/4/1992,A,35133,Reg,5,Y,1572,0,3,Normal,High,no
1184,18/10/1994,A,9738,Reg,5,Y,949,272,4,Normal,Low,yes
1185,13/8/1954,A,10615,L,3,Y,1014,685,3,Abnormal,Low,no
1186,7/9/1990,A,12461,Reg,8,Y,1624,0,2,Normal,High,no
1187,23/4/1987,A,8935,L,7,Y,831,829,3,Normal,High,no
1188,6/4/1979,A,7500,Reg,7,Y,1028,776,3,Normal,High,no
1189,10/5/1989,A,32463,Reg,4,Y,1622,0,3,Normal,High,no
1190,1/1/1997,D,2645,Reg,8,Y,764,677,2,Normal,High,no
1191,11/3/1983,B,9600,Reg,5,Y,842,630,3,Normal,Low,yes
1192,1/1/1980,B,4500,Reg,6,Y,1224,0,2,Normal,High,no
1193,31/10/1990,A,9364,Reg,6,Y,663,689,4,Normal,High,no
1194,25/4/1989,A,8029,L,6,Y,728,728,3,Normal,High,no
1195,2/6/1995,A,14054,L,7,Y,879,984,4,Abnormal,High,no
1196,1/4/1996,B,8850,L,7,Y,815,875,3,Normal,Low,yes
1197,25/5/1970,A,9100,Reg,7,Y,1212,0,3,Normal,High,no
1198,28/8/1968,A,11235,Reg,4,Y,1382,0,3,Normal,Low,yes
1199,8/4/1981,A,9353,Reg,4,Y,864,0,3,Abnormal,Low,no
1200,6/4/1966,A,10400,Reg,7,Y,866,913,3,Normal,High,no
1201,10/7/1978,B,6000,Reg,5,Y,884,464,3,Normal,Low,yes
1202,1/7/1962,A,9750,Reg,7,Y,1630,0,3,Normal,High,no
1203,18/4/1971,A,10140,Reg,5,Y,1074,0,3,Normal,High,no
1204,4/8/1976,A,14684,L,7,Y,2196,0,3,Normal,High,no
1205,1/1/1982,E,8900,Reg,4,Y,1056,0,2,Normal,Low,yes
1206,11/11/1974,A,9135,Reg,6,Y,1700,0,3,Normal,High,no
1207,30/4/1997,A,7763,Reg,5,Y,1283,0,3,Normal,Low,yes
1208,23/5/1989,A,10182,L,8,Y,1660,0,3,Abnormal,High,no
1209,4/3/1992,A,11218,Reg,6,Y,1055,790,3,Normal,High,no
1210,15/5/1996,A,12134,L,8,Y,1080,672,4,Normal,High,no
1211,21/11/1992,A,9340,Reg,4,Y,672,0,2,Normal,Low,yes
1212,8/8/1991,A,10246,L,4,Y,960,0,0,Normal,Low,yes
1213,26/7/1984,A,10205,L,5,Y,999,0,3,Normal,Low,yes
1214,24/10/1987,A,7094,L,5,Y,894,0,3,Normal,Low,yes
1215,18/7/1990,B,8930,Reg,6,Y,1318,584,4,Normal,Low,yes
1216,4/4/1987,D,8640,Reg,8,Y,1314,0,3,Abnormal,High,no
1217,4/5/1976,B,6240,Reg,4,N,672,240,2,Normal,Low,yes
1218,30/9/1988,B,1680,Reg,6,Y,672,546,3,Abnormal,Low,no
1219,18/12/1988,A,7800,L,5,Y,912,0,2,Abnormal,Low,no
1220,1/1/1976,A,8250,Reg,5,Y,1211,0,3,Normal,Low,yes
1221,18/7/1992,A,10496,Reg,6,Y,1168,678,3,Normal,Low,yes
1222,1/1/1975,A,10680,Reg,5,N,2136,0,4,Normal,Low,yes
1223,21/2/1982,A,15384,L,7,Y,788,702,3,Normal,High,no
1224,22/4/1992,A,10482,Reg,6,Y,1138,0,3,Normal,Low,yes
1225,1/2/1977,A,14598,L,6,Y,894,1039,4,Normal,High,no
1226,10/5/1990,A,8872,Reg,5,Y,912,0,2,Normal,Low,yes
1227,20/5/1981,A,8769,Reg,9,Y,1702,0,1,Abnormal,High,no
1228,15/6/1992,A,7910,Reg,5,Y,1507,0,4,Normal,Low,yes
1229,13/3/1990,A,18890,L,5,Y,1361,1259,4,Normal,High,no
1230,2/2/1990,A,7728,Reg,5,Y,1190,0,3,Normal,Low,yes
1231,1/2/1975,A,9842,Reg,4,Y,1224,0,2,Normal,Low,yes
1232,1/1/1988,A,12160,L,5,Y,1188,0,3,Abnormal,Low,no
1233,28/5/1978,E,8525,Reg,5,N,1024,940,4,Abnormal,Low,no
1234,7/4/1994,A,13132,Reg,5,Y,892,892,4,Normal,Low,yes
1235,4/5/1981,A,2628,Reg,7,Y,764,862,2,Normal,High,no
1236,7/6/1978,A,12393,U,7,Y,847,1101,4,Normal,High,no
1237,5/10/1975,A,13072,Reg,6,Y,1141,0,3,Abnormal,Low,no
1238,1/1/1966,A,9037,L,8,Y,1484,0,2,Normal,High,no
1239,15/5/1970,A,8158,Reg,7,Y,884,884,3,Normal,High,no
1240,15/5/1987,A,9849,Reg,7,Y,1689,0,3,Abnormal,High,no
1241,1/1/1960,A,10625,Reg,7,Y,1173,0,3,Abnormal,High,no
1242,8/4/1995,A,13891,Reg,10,Y,2076,0,2,Abnormal,High,no
1243,5/3/1988,A,11435,L,8,Y,792,725,3,Normal,High,no
1244,4/3/1973,A,12090,Reg,6,Y,1140,728,3,Abnormal,High,no
1245,15/5/1992,D,8125,Reg,7,Y,756,797,3,Abnormal,High,no
1246,12/7/1983,A,12328,L,6,Y,1034,0,3,Normal,High,no
1247,15/3/1962,B,9600,Reg,6,N,1134,924,3,Normal,Low,yes
1248,5/6/1992,A,7200,Reg,5,Y,988,0,3,Normal,Low,yes
1249,12/3/1987,A,11160,Reg,7,Y,2110,0,3,Normal,High,no
1250,19/4/1998,A,3136,L,7,Y,1405,0,2,Normal,High,no
1251,5/3/1976,A,9858,Reg,5,Y,874,0,3,Normal,Low,yes
1252,20/7/1982,A,17542,L,7,Y,1516,651,3,Normal,High,no
1253,6/5/1987,A,6931,Reg,7,Y,760,896,3,Normal,High,no
1254,15/3/1973,B,6240,Reg,6,Y,959,408,3,Normal,Low,yes
1255,5/6/1990,A,14303,L,8,Y,1987,0,2,Normal,High,no
1256,6/6/1990,A,4060,Reg,5,Y,864,0,2,Normal,Low,yes
1257,4/8/1984,A,9587,L,7,Y,1166,0,2,Normal,High,no
1258,11/1/1984,A,9750,Reg,6,Y,1054,0,3,Normal,High,no
1259,15/6/1986,A,24682,Sqr,6,Y,892,783,3,Normal,High,no
1260,4/5/1981,A,9600,Reg,5,Y,1050,0,2,Normal,Low,yes
1261,1/8/1962,A,11250,Reg,4,Y,1104,684,5,Normal,High,no
1262,4/3/1989,A,13515,Reg,6,Y,1060,764,3,Normal,High,no
1263,26/8/1970,E,4060,Reg,6,Y,1337,0,2,Abnormal,High,no
1264,15/3/1985,D,3735,Reg,7,Y,713,739,3,Normal,High,no
1265,11/2/1997,B,10120,L,7,N,964,925,4,Normal,Low,yes
1266,18/6/1992,A,13214,L,9,Y,2018,0,3,Normal,High,no
1267,13/1/1991,A,14100,L,8,Y,1968,1479,4,Normal,High,no
1268,9/4/1996,A,11344,Reg,5,Y,874,650,3,Normal,Low,yes
1269,1/1/1989,A,23595,Reg,7,Y,1332,192,0,Normal,High,no
1270,4/3/1996,A,9156,L,6,Y,1489,0,3,Normal,High,no
1271,13/3/1996,A,13526,L,5,Y,935,0,3,Normal,Low,yes
1272,7/2/1995,A,11512,L,6,Y,1357,0,2,Normal,High,no
1273,11/4/1977,A,5362,Reg,5,Y,661,589,3,Normal,Low,yes
1274,25/5/1984,A,11345,Reg,5,Y,928,992,4,Normal,Low,yes
1275,4/6/1996,A,12936,L,6,Y,735,660,3,Normal,High,no
1276,5/7/1999,A,17871,L,6,Y,1724,0,3,Normal,High,no
1277,5/3/1982,A,9473,Reg,8,Y,1128,903,3,Normal,High,no
1278,2/2/1994,C,7500,Reg,4,Y,698,430,2,Abnormal,Low,no
1279,5/5/1991,A,9808,L,7,Y,1573,0,3,Normal,High,no
1280,15/7/1969,A,8049,L,7,Y,1339,0,2,Normal,High,no
1281,5/6/1977,A,8800,L,5,Y,1040,0,3,Normal,High,no
1282,7/1/1981,A,9400,Reg,6,Y,912,912,4,Normal,Low,yes
1283,4/2/1961,A,9638,Reg,6,Y,1699,748,4,Normal,High,no
1284,6/7/1990,B,6000,Reg,6,Y,825,587,4,Normal,Low,yes
1285,5/3/1993,A,9790,Reg,6,Y,1328,0,3,Normal,Low,yes
1286,30/8/1998,A,36500,L,5,Y,1582,0,4,Normal,High,no
1287,1/1/1964,A,5664,L,8,Y,1659,0,2,Normal,High,no
1288,4/5/1970,A,11065,L,8,Y,1120,850,3,Abnormal,High,no
1289,15/3/1984,A,14112,L,5,Y,1152,0,3,Normal,High,no
1290,19/7/1982,B,1680,Reg,5,Y,630,672,3,Normal,Low,yes
1291,4/3/1999,B,6600,Reg,5,N,1378,994,4,Normal,Low,yes
1292,15/5/1975,A,10140,Reg,7,Y,832,832,4,Normal,High,no
1293,15/5/1977,A,8172,Reg,5,Y,864,0,2,Normal,Low,yes
1294,18/5/1995,A,8400,Reg,5,Y,1052,0,3,Normal,Low,yes
1295,7/5/1989,A,8700,Reg,5,Y,1128,0,3,Normal,High,no
1296,21/4/1991,B,3675,Reg,6,Y,1072,0,2,Abnormal,Low,no
1297,1/7/1992,A,63887,Sqr,10,Y,4692,950,3,Abnormal,High,no
1298,17/3/1986,A,7500,Reg,5,Y,1246,0,3,Normal,High,no
1299,4/3/1977,A,10762,L,7,Y,1005,978,3,Normal,High,no
1300,3/7/1975,A,7500,L,6,Y,753,741,3,Normal,High,no
1301,5/3/2000,A,10120,Reg,8,Y,1203,1323,4,Normal,High,no
1302,9/2/1988,A,8688,Reg,7,Y,1616,0,3,Normal,High,no
1303,3/5/1997,B,3363,Reg,7,Y,976,732,3,Normal,Low,yes
1304,23/2/1972,A,13173,L,9,Y,1652,0,2,Normal,High,no
1305,1/1/1972,A,6955,L,7,Y,1368,0,2,Abnormal,High,no
1306,21/4/1973,A,8072,Reg,5,Y,990,0,3,Normal,Low,yes
1307,5/4/1965,B,12000,Reg,5,Y,1122,0,2,Normal,Low,yes
1308,1/1/1975,A,7153,Reg,6,Y,1294,0,3,Normal,High,no
1309,1/6/1996,A,17500,Reg,7,Y,1902,0,3,Normal,High,no
1310,15/3/1966,A,8814,Reg,7,Y,1274,0,3,Abnormal,High,no
1311,27/5/1962,A,9572,L,8,Y,1453,1357,4,Normal,High,no
1312,15/5/1990,A,14774,L,9,Y,1422,1177,4,Normal,High,no
1313,10/3/1987,A,8190,Reg,4,Y,948,0,3,Normal,Low,yes
1314,10/6/1981,A,11075,Reg,6,Y,1092,1020,4,Normal,High,no
1315,10/3/1994,A,10226,L,8,Y,1630,0,3,Normal,High,no
1316,24/5/1993,D,4230,Reg,7,Y,1352,0,2,Abnormal,High,no
1317,18/3/1993,A,14781,U,8,Y,1787,0,3,Normal,High,no
1318,10/3/1975,A,10215,Reg,4,Y,948,0,3,Normal,Low,yes
1319,12/10/1966,A,8400,Reg,6,Y,1478,0,3,Normal,High,no
1320,6/1/1970,A,6627,L,3,N,720,0,2,Normal,Low,yes
1321,28/1/1976,A,10186,L,7,Y,1061,862,3,Normal,High,no
1322,27/9/1975,A,5330,Reg,4,Y,708,0,2,Normal,Low,yes
1323,14/5/1989,A,9986,Reg,8,Y,1795,0,2,Abnormal,Low,no
1324,20/2/1986,B,3636,Reg,4,N,796,0,2,Normal,Low,yes
1325,16/6/1970,E,4270,Reg,3,Y,774,0,3,Normal,Low,yes
1326,12/4/1974,A,6600,Reg,5,Y,816,0,3,Normal,Low,yes
1327,1/6/1996,B,10440,Reg,6,Y,1584,1208,5,Normal,High,no
1328,11/5/1966,A,9084,L,7,Y,955,677,3,Normal,High,no
1329,22/3/1970,A,10000,Reg,8,Y,1588,0,3,Normal,High,no
1330,17/5/1972,A,10780,L,5,Y,954,0,3,Normal,Low,yes
1331,2/3/1988,A,8877,Reg,4,Y,816,0,2,Normal,Low,yes
1332,4/6/1980,B,7200,Reg,5,Y,803,557,2,Normal,Low,yes
1333,22/3/1966,B,2368,Reg,5,Y,765,600,3,Normal,Low,yes
1334,23/5/1997,A,9650,Reg,6,Y,1334,0,2,Normal,High,no
1335,28/4/1989,A,9246,L,5,Y,1656,0,4,Normal,Low,yes
1336,5/6/1974,B,4118,L,4,N,693,0,2,Normal,Low,yes
1337,2/7/1995,A,13450,L,7,Y,920,941,3,Normal,High,no
1338,19/2/1997,A,9560,L,5,Y,864,0,3,Normal,Low,yes
1339,14/5/1964,A,8294,Reg,4,Y,872,0,3,Normal,Low,yes
1340,22/4/1976,A,13695,Reg,6,Y,1114,0,3,Normal,High,no
1341,6/5/1975,A,9375,Reg,8,Y,1284,885,3,Normal,High,no
1342,17/5/1990,A,7558,Reg,6,Y,1172,741,3,Normal,High,no
1343,27/8/1970,A,11103,L,7,Y,728,728,3,Abnormal,High,no
1344,25/4/1995,B,6000,Reg,4,Y,960,0,2,Normal,Low,yes
1345,11/9/1965,A,20781,U,7,Y,2156,0,3,Normal,High,no
1346,22/3/1989,A,15306,L,8,Y,1776,0,3,Abnormal,High,no
1347,2/9/1987,A,16196,Sqr,7,Y,1494,0,3,Normal,High,no
1348,21/4/1978,B,5250,Reg,8,N,938,1215,4,Normal,Low,yes
1349,29/2/1976,A,11643,Reg,5,Y,1338,1296,6,Normal,High,no
1350,1/1/1993,A,9247,L,6,Y,858,858,4,Normal,High,no
1351,12/6/1988,B,6000,Reg,6,Y,786,390,2,Normal,Low,yes
1352,11/5/1994,A,14720,L,8,Y,2053,1185,4,Normal,High,no
1353,22/3/1995,A,10316,L,7,Y,992,873,3,Normal,High,no
1354,12/12/1969,A,10192,L,7,Y,1222,698,4,Normal,High,no
1355,11/7/1965,A,9477,Reg,5,Y,892,0,3,Normal,Low,yes
1356,7/6/1980,A,12537,L,5,Y,1078,0,3,Normal,Low,yes
1357,1/1/1997,D,2117,Reg,6,Y,769,804,3,Normal,High,no
1358,29/5/1988,A,16737,Reg,9,Y,1980,0,3,Normal,High,no
1359,5/5/1995,A,9842,Reg,5,Y,990,1611,4,Normal,High,no
1360,5/6/1986,A,16158,L,7,Y,1530,0,3,Normal,High,no
1361,8/2/1992,A,12513,L,4,Y,1281,457,4,Normal,Low,yes
1362,22/4/1979,A,8499,L,6,Y,616,796,3,Abnormal,High,no
1363,2/4/1994,D,3180,Reg,7,Y,520,600,2,Abnormal,Low,no
1364,11/2/1980,D,7500,Reg,7,Y,814,860,3,Normal,High,no
1365,24/5/1993,A,9179,L,7,Y,882,908,3,Abnormal,High,no
1366,5/7/1981,B,2665,Reg,5,Y,925,550,4,Normal,Low,yes
1367,10/5/1995,B,4435,Reg,6,Y,848,0,1,Normal,Low,yes
1368,22/5/1992,A,10635,U,8,Y,1668,0,3,Normal,High,no
1369,1/6/1967,A,5400,Reg,4,Y,840,534,2,Normal,Low,yes
1370,18/3/1993,A,9600,Reg,6,Y,1661,0,3,Normal,High,no
1371,29/4/1984,A,9750,Reg,7,Y,1108,989,3,Normal,High,no
1372,5/2/1986,A,11400,Reg,10,Y,2633,0,2,Normal,High,no
1373,2/7/1996,D,10625,Reg,7,Y,1026,932,3,Normal,High,no
1374,3/6/1988,A,10991,L,8,Y,1571,0,3,Abnormal,High,no
1375,23/2/1972,A,6292,Reg,6,N,790,0,2,Normal,Low,yes
1376,22/4/1974,A,10998,Reg,5,Y,984,620,3,Normal,Low,yes
1377,8/7/1988,B,1953,Reg,6,Y,483,504,2,Normal,Low,yes
1378,17/5/1997,A,9735,Reg,5,Y,754,640,3,Normal,High,no
1379,25/7/1964,A,8212,Reg,3,N,864,0,2,Normal,Low,yes
1380,19/5/1984,A,12925,L,6,Y,2117,0,4,Normal,High,no
1381,2/6/1978,B,7200,Reg,7,Y,998,764,4,Normal,High,no
1382,10/2/1996,A,25339,Reg,5,Y,1416,0,3,Normal,Low,yes
1383,17/5/1976,A,9060,Reg,6,Y,698,560,2,Normal,Low,yes
1384,14/10/1970,B,5436,Reg,4,Y,796,358,3,Normal,Low,yes
1385,27/5/1989,A,16692,L,7,Y,1392,1392,5,Normal,High,no
1386,17/7/1997,B,8520,Reg,6,N,1664,862,5,Abnormal,Low,no
1387,28/3/1977,A,14892,L,9,Y,1746,0,3,Normal,High,no
1388,27/5/1985,B,6000,Reg,6,Y,869,349,3,Normal,Low,yes
1389,1/1/1975,A,9100,Reg,7,Y,1525,0,3,Normal,High,no
1390,14/3/1990,A,8944,Reg,5,Y,1584,0,4,Normal,Low,yes
1391,6/4/1977,A,7838,Reg,5,Y,900,0,3,Normal,Low,yes
1392,14/4/1965,B,10800,Reg,6,N,1221,691,3,Normal,High,no
1393,10/4/1988,A,4045,Reg,7,Y,1500,0,2,Abnormal,High,no
1394,5/10/1991,A,12665,L,8,Y,1133,1349,4,Normal,High,no
1395,24/4/1994,A,57200,L,5,Y,1687,0,3,Normal,High,no
1396,14/5/1993,B,6120,Reg,5,Y,939,574,4,Normal,Low,yes
1397,10/1/1980,A,7200,Reg,5,Y,1136,768,3,Normal,Low,yes
1398,3/6/1987,A,6171,Reg,6,Y,1160,448,3,Normal,Low,yes
1399,3/5/1996,B,6000,Reg,6,Y,950,208,3,Normal,Low,yes
1400,11/7/1965,A,7415,L,6,Y,864,729,3,Normal,High,no
1401,21/3/1990,A,6762,Reg,7,Y,1294,0,2,Abnormal,High,no
1402,18/3/1969,A,15256,L,8,Y,1464,0,3,Normal,High,no
1403,18/2/1989,A,10410,Reg,3,Y,694,520,3,Abnormal,Low,no
1404,12/9/1959,B,3842,L,8,Y,1646,0,2,Normal,High,no
1405,4/2/1996,A,8445,Reg,5,Y,768,0,2,Normal,Low,yes
1406,5/7/1979,A,8780,L,5,Y,833,0,3,Normal,Low,yes
1407,26/2/1971,B,7740,Reg,4,Y,741,622,3,Normal,Low,yes
1408,16/5/1982,A,20544,L,7,Y,1236,857,3,Normal,High,no
1409,2/10/1962,A,12420,Reg,7,Y,944,896,3,Normal,High,no
1410,13/8/1966,A,9600,Reg,6,Y,1112,556,3,Normal,Low,yes
1411,2/7/1997,A,7200,Reg,4,N,1040,0,2,Normal,Low,yes
1412,18/2/1983,A,10994,L,8,Y,1844,0,2,Abnormal,High,no
1413,3/6/1990,A,13053,Reg,6,Y,1053,795,4,Normal,High,no
1414,1/1/1989,A,3635,Reg,7,Y,1569,0,1,Normal,High,no
1415,8/4/1996,B,11340,Reg,4,Y,1246,1044,4,Normal,Low,yes
1416,12/4/1970,A,16545,L,8,Y,1310,1140,3,Normal,High,no
1417,20/5/1991,A,9204,Reg,5,Y,1144,0,3,Normal,Low,yes
1418,16/3/1989,A,16381,L,6,Y,1844,0,3,Normal,High,no
1419,25/5/1989,A,11700,Reg,6,Y,708,708,3,Normal,High,no
1420,13/2/1970,A,4043,Reg,6,Y,1069,0,2,Normal,Low,yes
1421,26/6/1968,B,4435,Reg,6,Y,848,0,1,Normal,Low,yes
1422,7/6/1996,A,19690,L,6,Y,1575,626,4,Abnormal,High,no
1423,13/10/1968,A,9503,Reg,5,Y,1344,0,2,Normal,Low,yes
1424,18/6/1983,A,10721,L,6,Y,1252,0,3,Normal,Low,yes
1425,3/5/1990,A,10944,L,7,Y,1223,904,3,Normal,High,no
1426,18/8/1980,A,10930,Reg,5,Y,1048,510,3,Normal,Low,yes
1427,11/4/1987,B,7200,Reg,5,Y,804,0,2,Abnormal,Low,no
1428,15/3/1990,A,12546,L,6,Y,1440,0,3,Normal,High,no
1429,20/6/1979,A,21930,Sqr,5,Y,734,1104,4,Normal,High,no
1430,27/5/1985,A,4928,L,6,Y,958,0,2,Normal,Low,yes
1431,5/2/1996,A,10800,Reg,4,Y,968,0,4,Normal,Low,yes
1432,17/4/1995,A,10261,L,6,Y,962,830,3,Normal,High,no
1433,26/8/1994,A,17400,Reg,5,Y,1126,0,3,Normal,High,no
1434,7/5/1972,A,8400,Reg,6,Y,1537,0,3,Abnormal,High,no
1435,19/5/1986,A,9000,Reg,4,Y,864,0,3,Normal,Low,yes
1436,19/2/1976,A,12444,Reg,8,Y,1932,0,2,Abnormal,High,no
1437,1/1/1993,B,7407,Reg,6,Y,1236,0,2,Normal,Low,yes
1438,22/3/1980,A,11584,Reg,7,Y,1040,685,3,Normal,High,no
1439,26/4/1984,A,11526,L,6,Y,1423,748,3,Normal,High,no
1440,18/7/1973,B,4426,Reg,6,Y,848,0,1,Normal,Low,yes
1441,7/4/1980,D,11003,Reg,10,Y,1026,981,3,Normal,High,no
1442,12/3/1968,A,8854,Reg,6,N,952,0,2,Normal,Low,yes
1443,1/1/1981,A,8500,Reg,7,Y,1422,0,3,Normal,High,no
1444,1/1/1996,A,8400,Reg,6,Y,913,0,3,Normal,Low,yes
1445,14/11/1985,A,26142,L,5,Y,1188,0,3,Normal,High,no
1446,1/1/1985,A,10000,Reg,8,Y,1220,870,3,Normal,High,no
1447,21/5/1994,A,11767,Reg,4,N,796,550,2,Normal,Low,yes
1448,8/11/1992,B,1533,Reg,5,Y,630,0,1,Abnormal,Low,no
1449,10/5/1994,A,9000,Reg,5,Y,896,896,4,Normal,Low,yes
1450,15/9/1992,A,9262,Reg,8,Y,1578,0,3,Abnormal,High,no
1451,12/1/1995,B,3675,Reg,5,Y,1072,0,2,Normal,Low,yes
1452,2/1/1989,A,17217,Reg,5,Y,1140,0,3,Abnormal,Low,no
1453,1/7/1987,D,7500,Reg,7,Y,1221,0,2,Normal,High,no
1454,4/9/1990,A,7917,Reg,6,Y,953,694,3,Normal,High,no
1455,30/8/1987,A,13175,Reg,6,Y,2073,0,3,Normal,High,no
1456,12/7/1980,A,9042,Reg,7,Y,1188,1152,4,Normal,High,no
1457,21/4/1981,A,9717,Reg,5,Y,1078,0,2,Normal,Low,yes
1458,10/1/1978,A,9937,Reg,5,Y,1256,0,3,Normal,Low,yes
